region,district,ward,street
Dodoma,Kondoa,Bumbuta,
Dodoma,Kondoa,Pahi,
Dodoma,Kondoa,Haubi,
Dodoma,Kondoa,Kalamba,
Dodoma,Kondoa,Kwadelo,
Dodoma,Kondoa,Masange,
Dodoma,Kondoa,Kikilo,
Dodoma,Kondoa,Bereko,
Dodoma,Kondoa,Kisese,
Dodoma,Kondoa,Kikore,
Dodoma,Kondoa,Serya,
Dodoma,Kondoa,Kilimani,
Dodoma,Kondoa,Chemchem,
Dodoma,Kondoa,Hondo mairo,
Dodoma,Kondoa,Bolisa,
Dodoma,Kondoa,Kinyasi,
Dodoma,Kondoa,Salanka,
Dodoma,Kondoa,Itololo,
Dodoma,Kondoa,Itaswi,
Dodoma,Kondoa,Suruke,
Dodoma,Kondoa,Kingale,
Dodoma,Kondoa,Kondoa mjini,
Dodoma,Kondoa,Kolo,
Dodoma,Kondoa,Changaa,
Dodoma,Kondoa,Thawi,
Dodoma,Kondoa,Mnenia,
Dodoma,Kondoa,Soera,
Dodoma,Mpwapwa,Mazae,
Dodoma,Mpwapwa,Vingh'awe,
Dodoma,Mpwapwa,Matomondo,
Dodoma,Mpwapwa,Kimagai,
Dodoma,Mpwapwa,Kibakwe,
Dodoma,Mpwapwa,Lumuma,
Dodoma,Mpwapwa,Luhundwa,
Dodoma,Mpwapwa,Massa,
Dodoma,Mpwapwa,Ipera,
Dodoma,Mpwapwa,Rudi,
Dodoma,Mpwapwa,Mlunduzi,
Dodoma,Mpwapwa,Wotta,
Dodoma,Mpwapwa,Mima,
Dodoma,Mpwapwa,Berege,
Dodoma,Mpwapwa,Chunyu,
Dodoma,Mpwapwa,Mbuga,
Dodoma,Mpwapwa,Godegode,
Dodoma,Mpwapwa,Mpwapwa,
Dodoma,Mpwapwa,Lupeta,
Dodoma,Mpwapwa,Gulwe,
Dodoma,Mpwapwa,Nghambi,
Dodoma,Mpwapwa,Chitemo,
Dodoma,Mpwapwa,Iwondo,
Dodoma,Mpwapwa,Kingiti,
Dodoma,Mpwapwa,Lufu,
Dodoma,Mpwapwa,Pwaga,
Dodoma,Mpwapwa,Galigali,
Dodoma,Mpwapwa,Mtera,
Dodoma,Mpwapwa,Chipogoro,
Dodoma,Mpwapwa,Malolo,
Dodoma,Kongwa,Kongwa,
Dodoma,Kongwa,Sejeli,
Dodoma,Kongwa,Hogoro,
Dodoma,Kongwa,Zoissa,
Dodoma,Kongwa,Mkoka,
Dodoma,Kongwa,Njoge,
Dodoma,Kongwa,Mtanana,
Dodoma,Kongwa,Pandambili,
Dodoma,Kongwa,Mlali,
Dodoma,Kongwa,Iduo,
Dodoma,Kongwa,Sagara,
Dodoma,Kongwa,Kibaigwa,
Dodoma,Kongwa,Ugogoni,
Dodoma,Kongwa,Chamkoroma,
Dodoma,Kongwa,Makawa,
Dodoma,Kongwa,Chitego,
Dodoma,Kongwa,Matongoro,
Dodoma,Kongwa,Ngomai,
Dodoma,Kongwa,Songambele,
Dodoma,Kongwa,Chiwe,
Dodoma,Kongwa,Lenjulu,
Dodoma,Kongwa,Nghumbi,
Dodoma,Chamwino,Haneti,
Dodoma,Chamwino,Segala,
Dodoma,Chamwino,Itiso,
Dodoma,Chamwino,Dabalo,
Dodoma,Chamwino,Membe,
Dodoma,Chamwino,Msanga,
Dodoma,Chamwino,Chilonwa,
Dodoma,Chamwino,Buigiri,
Dodoma,Chamwino,Majeleko,
Dodoma,Chamwino,Manchali,
Dodoma,Chamwino,Ikowa,
Dodoma,Chamwino,Msamalo,
Dodoma,Chamwino,Igandu,
Dodoma,Chamwino,Muungano,
Dodoma,Chamwino,Mvumi Makulu,
Dodoma,Chamwino,Handali,
Dodoma,Chamwino,Mvumi Mission,
Dodoma,Chamwino,Idifu,
Dodoma,Chamwino,Makang'wa,
Dodoma,Chamwino,Iringamvumi,
Dodoma,Chamwino,Manzase,
Dodoma,Chamwino,Fufu,
Dodoma,Chamwino,Mlowa Bwawani,
Dodoma,Chamwino,Mpwayungu,
Dodoma,Chamwino,Nghambaku,
Dodoma,Chamwino,Chinugulu,
Dodoma,Chamwino,Manda,
Dodoma,Chamwino,Huzi,
Dodoma,Chamwino,Loje,
Dodoma,Chamwino,Chiboli,
Dodoma,Chamwino,Nhinhi,
Dodoma,Chamwino,Zajilwa,
Dodoma,Dodoma Urban,Viwandani,
Dodoma,Dodoma Urban,Uhuru,
Dodoma,Dodoma Urban,Chamwino,
Dodoma,Dodoma Urban,Kiwanja cha ndege,
Dodoma,Dodoma Urban,Makole,
Dodoma,Dodoma Urban,Miyuji,
Dodoma,Dodoma Urban,Msalato,
Dodoma,Dodoma Urban,Makutupora,
Dodoma,Dodoma Urban,Chihanga,
Dodoma,Dodoma Urban,Hombolo,
Dodoma,Dodoma Urban,Ipala,
Dodoma,Dodoma Urban,Nzuguni,
Dodoma,Dodoma Urban,Dom-Makulu,
Dodoma,Dodoma Urban,Mtumba,
Dodoma,Dodoma Urban,Kikombo,
Dodoma,Dodoma Urban,Ngh'ongh'onha,
Dodoma,Dodoma Urban,Mpunguzi,
Dodoma,Dodoma Urban,Tambukareli,
Dodoma,Dodoma Urban,Kilimani,
Dodoma,Dodoma Urban,Kikuyu Kusini,
Dodoma,Dodoma Urban,Kikuyu Kaskazini,
Dodoma,Dodoma Urban,Mkonze,
Dodoma,Dodoma Urban,Mbabala,
Dodoma,Dodoma Urban,Zuzu,
Dodoma,Dodoma Urban,Hazina,
Dodoma,Dodoma Urban,Madukani,
Dodoma,Dodoma Urban,Majengo,
Dodoma,Dodoma Urban,Kizota,
Dodoma,Dodoma Urban,Nala,
Dodoma,Dodoma Urban,Mbalawala,
Dodoma,Dodoma Urban,Ntyuka,
Dodoma,Dodoma Urban,Chigongwe,
Dodoma,Dodoma Urban,Chang'ombe,
Dodoma,Dodoma Urban,Iyumbu,
Dodoma,Dodoma Urban,Chahwa,
Dodoma,Dodoma Urban,Mnadani,
Dodoma,Dodoma Urban,Ipagala,
Dodoma,Bahi,Makanda,
Dodoma,Bahi,Lamaiti,
Dodoma,Bahi,Babayu,
Dodoma,Bahi,Zanka,
Dodoma,Bahi,Msisi,
Dodoma,Bahi,Mundemu,
Dodoma,Bahi,Bahi,
Dodoma,Bahi,Mpamantwa,
Dodoma,Bahi,Ibihwa,
Dodoma,Bahi,Ilindi,
Dodoma,Bahi,Kigwe,
Dodoma,Bahi,Chikola,
Dodoma,Bahi,Chipanga,
Dodoma,Bahi,Chali,
Dodoma,Bahi,Nondwa,
Dodoma,Bahi,Mpalanga,
Dodoma,Bahi,Ibugule,
Dodoma,Bahi,Chibelela,
Dodoma,Bahi,Mwitikira,
Dodoma,Bahi,Mtitaa,
Dodoma,Chemba,Makorongo,
Dodoma,Chemba,Ovada,
Dodoma,Chemba,Msaada,
Dodoma,Chemba,Kimaha,
Dodoma,Chemba,Churuku,
Dodoma,Chemba,Songoro,
Dodoma,Chemba,Mondo,
Dodoma,Chemba,Dalai,
Dodoma,Chemba,Mrijo,
Dodoma,Chemba,Chandama,
Dodoma,Chemba,Goima,
Dodoma,Chemba,Chemba,
Dodoma,Chemba,Paranga,
Dodoma,Chemba,Gwandi,
Dodoma,Chemba,Farkwa,
Dodoma,Chemba,Mpendo,
Dodoma,Chemba,Sanzawa,
Dodoma,Chemba,Kwamtoro,
Dodoma,Chemba,Lalta,
Arusha,Monduli,Engaruka,
Arusha,Monduli,Monduli juu,
Arusha,Monduli,Engutoto,
Arusha,Monduli,Monduli Mjini,
Arusha,Monduli,Moita,
Arusha,Monduli,Sepeko,
Arusha,Monduli,Lolkisale,
Arusha,Monduli,Makuyuni,
Arusha,Monduli,Esilalei,
Arusha,Monduli,Mto wa Mbu,
Arusha,Monduli,Lepurko,
Arusha,Monduli,Meserani,
Arusha,Monduli,Mswakini,
Arusha,Monduli,Majengo,
Arusha,Meru,Ngarenanyuki,
Arusha,Meru,Leguruki,
Arusha,Meru,King'ori,
Arusha,Meru,Maji ya chai,
Arusha,Meru,Kikatiti,
Arusha,Meru,Maroroni,
Arusha,Meru,Makiba,
Arusha,Meru,Mbuguni,
Arusha,Meru,Kikwe,
Arusha,Meru,Usariver,
Arusha,Meru,Nkoaranga,
Arusha,Meru,Poli,
Arusha,Meru,Seela Sing'isi,
Arusha,Meru,Akheri,
Arusha,Meru,Nkoanrua,
Arusha,Meru,Songoro,
Arusha,Meru,Nkoarisambu,
Arusha,Arusha Urban,Kati,
Arusha,Arusha Urban,Kaloleni,
Arusha,Arusha Urban,Sekei,
Arusha,Arusha Urban,Kimandolu,
Arusha,Arusha Urban,Baraa,
Arusha,Arusha Urban,Oloirieni,
Arusha,Arusha Urban,Themi,
Arusha,Arusha Urban,Lemara,
Arusha,Arusha Urban,Terrat,
Arusha,Arusha Urban,Sokoni I,
Arusha,Arusha Urban,Daraja Mbili,
Arusha,Arusha Urban,Unga Ltd,
Arusha,Arusha Urban,Sombetini,
Arusha,Arusha Urban,Ngarenaro,
Arusha,Arusha Urban,Levolosi,
Arusha,Arusha Urban,Engutoto,
Arusha,Arusha Urban,Elerai,
Arusha,Arusha Urban,Olasiti,
Arusha,Arusha Urban,Moshono,
Arusha,Karatu,Karatu,
Arusha,Karatu,Endamarariek,
Arusha,Karatu,Buger,
Arusha,Karatu,Endabash,
Arusha,Karatu,Kansay,
Arusha,Karatu,Baray,
Arusha,Karatu,Mang'ola,
Arusha,Karatu,Daa,
Arusha,Karatu,Oldean,
Arusha,Karatu,Qurus,
Arusha,Karatu,Ganako,
Arusha,Karatu,Rhotia,
Arusha,Karatu,Mbulumbulu,
Arusha,Karatu,Endamaghang,
Arusha,Ngorongoro,Orgosorok,
Arusha,Ngorongoro,Digodigo,
Arusha,Ngorongoro,Oldonyo Sambu,
Arusha,Ngorongoro,Pinyinyi,
Arusha,Ngorongoro,Sale,
Arusha,Ngorongoro,Malambo,
Arusha,Ngorongoro,Naiyobi,
Arusha,Ngorongoro,Nainokanoka,
Arusha,Ngorongoro,Olbalbal,
Arusha,Ngorongoro,Ngorongoro,
Arusha,Ngorongoro,Endulen,
Arusha,Ngorongoro,Kakesio,
Arusha,Ngorongoro,Arash,
Arusha,Ngorongoro,Soitsambu,
Arusha,Ngorongoro,Engusero Sambu,
Arusha,Ngorongoro,Oloirien,
Arusha,Ngorongoro,Samunge,
Arusha,Ngorongoro,Alailelai,
Arusha,Ngorongoro,Maalon,
Arusha,Ngorongoro,Ololosokwan,
Arusha,Ngorongoro,Oloipiri,
Arusha,Arusha,Olkokola,
Arusha,Arusha,Ilkiding'a,
Arusha,Arusha,Bangata,
Arusha,Arusha,Sokon II,
Arusha,Arusha,Oltoroto,
Arusha,Arusha,Moivo,
Arusha,Arusha,Kiranyi,
Arusha,Arusha,Kimnyaki,
Arusha,Arusha,Oltrumet,
Arusha,Arusha,Mwandeti,
Arusha,Arusha,Mussa,
Arusha,Arusha,Kisongo,
Arusha,Arusha,Mateves,
Arusha,Arusha,Oljoro,
Arusha,Arusha,Bwawani,
Arusha,Arusha,Nduruma,
Arusha,Arusha,Mlangarini,
Arusha,Arusha,Sambasha,
Arusha,Arusha,Olorieni,
Arusha,Arusha,Olmotonyi,
Arusha,Longido,Kitumbeine,
Arusha,Longido,Engikaret,
Arusha,Longido,Eleng'ata Dapash,
Arusha,Longido,Ilorienito,
Arusha,Longido,Gelai Meirugoi,
Arusha,Longido,Gelai lumbwa,
Arusha,Longido,Matale,
Arusha,Longido,Engarenaibor,
Arusha,Longido,Mundarara,
Arusha,Longido,Kimokouwa,
Arusha,Longido,Namanga,
Arusha,Longido,Orbomba,
Arusha,Longido,Longido,
Arusha,Longido,Tingatinga,
Arusha,Longido,Olmolog,
Arusha,Longido,Kamwanga,
Kilimanjaro,Rombo,Mamsera,
Kilimanjaro,Rombo,Mahida,
Kilimanjaro,Rombo,Mengwe,
Kilimanjaro,Rombo,Keni Mengeni,
Kilimanjaro,Rombo,Aleni,
Kilimanjaro,Rombo,Shimbi,
Kilimanjaro,Rombo,Makiidi,
Kilimanjaro,Rombo,Kelamfua Mokala,
Kilimanjaro,Rombo,Ushiri Ikuini,
Kilimanjaro,Rombo,Mrao Keryo,
Kilimanjaro,Rombo,Kirwa Keni,
Kilimanjaro,Rombo,Katangara Mrere,
Kilimanjaro,Rombo,Kisale Msaranga,
Kilimanjaro,Rombo,Olele,
Kilimanjaro,Rombo,Kirongo Samanga,
Kilimanjaro,Rombo,Kitirima Kingachi,
Kilimanjaro,Rombo,Ubetu Kahe,
Kilimanjaro,Rombo,Nanjara Reha,
Kilimanjaro,Rombo,Tarakea Motamburu,
Kilimanjaro,Rombo,Motamburu Kitendeni,
Kilimanjaro,Rombo,Marangu Kitowo,
Kilimanjaro,Rombo,Ngoyoni,
Kilimanjaro,Rombo,Manda,
Kilimanjaro,Rombo,Holili,
Kilimanjaro,Mwanga,Kileo,
Kilimanjaro,Mwanga,Mwanga,
Kilimanjaro,Mwanga,Msangeni,
Kilimanjaro,Mwanga,Kifula,
Kilimanjaro,Mwanga,Kighare,
Kilimanjaro,Mwanga,Kirongwe,
Kilimanjaro,Mwanga,Kwakoa,
Kilimanjaro,Mwanga,Lembeni,
Kilimanjaro,Mwanga,Jipe,
Kilimanjaro,Mwanga,Mwaniko,
Kilimanjaro,Mwanga,Chomvu,
Kilimanjaro,Mwanga,Ngujini,
Kilimanjaro,Mwanga,Kirya,
Kilimanjaro,Mwanga,Kilomeni,
Kilimanjaro,Mwanga,Shighatini,
Kilimanjaro,Mwanga,Lang'ata,
Kilimanjaro,Mwanga,Mgagao,
Kilimanjaro,Mwanga,Toloha,
Kilimanjaro,Mwanga,Kigoningoni,
Kilimanjaro,Mwanga,Kivisini,
Kilimanjaro,Same,Same,
Kilimanjaro,Same,Ruvu,
Kilimanjaro,Same,Njoro,
Kilimanjaro,Same,Kisiwani,
Kilimanjaro,Same,Msindo,
Kilimanjaro,Same,Mshewa,
Kilimanjaro,Same,Mhezi,
Kilimanjaro,Same,Mwembe,
Kilimanjaro,Same,Vudee,
Kilimanjaro,Same,Vuje,
Kilimanjaro,Same,Bombo,
Kilimanjaro,Same,Mtii,
Kilimanjaro,Same,Maore,
Kilimanjaro,Same,Ndungu,
Kilimanjaro,Same,Kihurio,
Kilimanjaro,Same,Bendera,
Kilimanjaro,Same,Myamba,
Kilimanjaro,Same,Mpinji,
Kilimanjaro,Same,Bwambo,
Kilimanjaro,Same,Vunta,
Kilimanjaro,Same,Chome,
Kilimanjaro,Same,Suji,
Kilimanjaro,Same,Makanya,
Kilimanjaro,Same,Hedaru,
Kilimanjaro,Same,Kirangare,
Kilimanjaro,Same,Kisima,
Kilimanjaro,Same,Stesheni,
Kilimanjaro,Same,Vumari,
Kilimanjaro,Same,Mabilioni,
Kilimanjaro,Same,Kalemawe,
Kilimanjaro,Same,Lugulu,
Kilimanjaro,Moshi,Mwika Kusini,
Kilimanjaro,Moshi,MwikaKaskazini,
Kilimanjaro,Moshi,Mamba Kaskazini,
Kilimanjaro,Moshi,Mamba Kusini,
Kilimanjaro,Moshi,Marangu Mashariki,
Kilimanjaro,Moshi,Marangu Magharibi,
Kilimanjaro,Moshi,Makuyuni,
Kilimanjaro,Moshi,Kilema Kaskazini,
Kilimanjaro,Moshi,Kilema Kusini,
Kilimanjaro,Moshi,KiruaVunjo Mashariki,
Kilimanjaro,Moshi,KiruaVunjo Magharibi,
Kilimanjaro,Moshi,Kahe,
Kilimanjaro,Moshi,Kahe Mashariki,
Kilimanjaro,Moshi,Old Moshi Mashariki,
Kilimanjaro,Moshi,Old Moshi Magharibi,
Kilimanjaro,Moshi,Mbokomu,
Kilimanjaro,Moshi,Uru Mashariki,
Kilimanjaro,Moshi,Uru Shimbwe,
Kilimanjaro,Moshi,Uru Kusini,
Kilimanjaro,Moshi,Uru Kaskazini,
Kilimanjaro,Moshi,Mabogini,
Kilimanjaro,Moshi,Arusha Chini,
Kilimanjaro,Moshi,Kibosho Mashariki,
Kilimanjaro,Moshi,Kibosho Kati,
Kilimanjaro,Moshi,Kibosho Magharibi,
Kilimanjaro,Moshi,Kindi,
Kilimanjaro,Moshi,KiruaVunjo Kusini,
Kilimanjaro,Moshi,Kirima,
Kilimanjaro,Moshi,Okaoni,
Kilimanjaro,Moshi,Kimochi,
Kilimanjaro,Moshi,Kilema Kati,
Kilimanjaro,Hai,Machame Mashariki,
Kilimanjaro,Hai,Machame Kusini,
Kilimanjaro,Hai,Machame Kaskazini,
Kilimanjaro,Hai,Machame Magharibi,
Kilimanjaro,Hai,Machame Uroki,
Kilimanjaro,Hai,Masama Mashariki,
Kilimanjaro,Hai,Masama Magharibi,
Kilimanjaro,Hai,Masama Kusini,
Kilimanjaro,Hai,Masama Rundugai,
Kilimanjaro,Hai,Hai Mjini,
Kilimanjaro,Hai,Masama Kati,
Kilimanjaro,Hai,Machame Weruweru,
Kilimanjaro,Hai,KIA,
Kilimanjaro,Hai,Machame Narumu,
Kilimanjaro,Moshi Urban,Kilimanjaro,
Kilimanjaro,Moshi Urban,Njoro,
Kilimanjaro,Moshi Urban,Mji Mpya,
Kilimanjaro,Moshi Urban,Majengo,
Kilimanjaro,Moshi Urban,Mawenzi,
Kilimanjaro,Moshi Urban,Rau,
Kilimanjaro,Moshi Urban,Korongoni,
Kilimanjaro,Moshi Urban,Kiusa,
Kilimanjaro,Moshi Urban,Bondeni,
Kilimanjaro,Moshi Urban,Pasua,
Kilimanjaro,Moshi Urban,Kaloleni,
Kilimanjaro,Moshi Urban,Kiboriloni,
Kilimanjaro,Moshi Urban,Msaranga,
Kilimanjaro,Moshi Urban,Karanga,
Kilimanjaro,Moshi Urban,Longuo B,
Kilimanjaro,Moshi Urban,Miembeni,
Kilimanjaro,Moshi Urban,Mfumuni,
Kilimanjaro,Moshi Urban,Soweto,
Kilimanjaro,Moshi Urban,Boma Mbuzi,
Kilimanjaro,Moshi Urban,Ng'ambo,
Kilimanjaro,Moshi Urban,Shirimatunda,
Kilimanjaro,Siha,Ndumeti,
Kilimanjaro,Siha,Ngarenairobi,
Kilimanjaro,Siha,Gararagua,
Kilimanjaro,Siha,Sanya Juu,
Kilimanjaro,Siha,Biriri,
Kilimanjaro,Siha,Makiwaru,
Kilimanjaro,Siha,Nasai,
Kilimanjaro,Siha,Livishi,
Kilimanjaro,Siha,Ivaeny,
Kilimanjaro,Siha,Kashisha,
Kilimanjaro,Siha,Karansi,
Kilimanjaro,Siha,Olkolili,
Tanga,Lushoto,Lushoto,
Tanga,Lushoto,Gare,
Tanga,Lushoto,Kwai,
Tanga,Lushoto,Ubiri,
Tanga,Lushoto,Soni,
Tanga,Lushoto,Vuga,
Tanga,Lushoto,Mponde,
Tanga,Lushoto,Mamba,
Tanga,Lushoto,Mbuzii,
Tanga,Lushoto,Tamota,
Tanga,Lushoto,Bumbuli,
Tanga,Lushoto,Funta,
Tanga,Lushoto,Mayo,
Tanga,Lushoto,Baga,
Tanga,Lushoto,Milingano,
Tanga,Lushoto,Mgwashi,
Tanga,Lushoto,Mtae,
Tanga,Lushoto,Sunga,
Tanga,Lushoto,Rangwi,
Tanga,Lushoto,Mnazi,
Tanga,Lushoto,Lunguza,
Tanga,Lushoto,Mbaramo,
Tanga,Lushoto,Mng'aro,
Tanga,Lushoto,Mlalo,
Tanga,Lushoto,Mwangoi,
Tanga,Lushoto,Shume,
Tanga,Lushoto,Malindi,
Tanga,Lushoto,Hemtoye,
Tanga,Lushoto,Malibwi,
Tanga,Lushoto,Mlola,
Tanga,Lushoto,Makanya,
Tanga,Lushoto,Ngwelo,
Tanga,Lushoto,Kilole,
Tanga,Lushoto,Kwekanga,
Tanga,Lushoto,Lukozi,
Tanga,Lushoto,Manolo,
Tanga,Lushoto,"Dule ""M""",
Tanga,Lushoto,Kwemshasha,
Tanga,Lushoto,Nkongoi,
Tanga,Lushoto,"Dule ""B""",
Tanga,Lushoto,Maheza ngulu,
Tanga,Lushoto,Usambara,
Tanga,Lushoto,Ngulwi,
Tanga,Lushoto,Kwemashai,
Tanga,Korogwe,Mashewa,
Tanga,Korogwe,Kizara,
Tanga,Korogwe,Magoma,
Tanga,Korogwe,Kerenge,
Tanga,Korogwe,Kwagunda,
Tanga,Korogwe,Mnyuzi,
Tanga,Korogwe,Vugiri,
Tanga,Korogwe,Dindira,
Tanga,Korogwe,Bungu,
Tanga,Korogwe,Lutindi,
Tanga,Korogwe,Makuyuni,
Tanga,Korogwe,Chekelei,
Tanga,Korogwe,Mombo,
Tanga,Korogwe,Mkalamo,
Tanga,Korogwe,Mkomazi,
Tanga,Korogwe,Kwashemshi,
Tanga,Korogwe,Mpale,
Tanga,Korogwe,Mswaha,
Tanga,Korogwe,Magamba Kwalukonge,
Tanga,Muheza,Misozwe,
Tanga,Muheza,Pande Darajani,
Tanga,Muheza,Ngomeni,
Tanga,Muheza,Kigombe,
Tanga,Muheza,Lusanga,
Tanga,Muheza,Kicheba,
Tanga,Muheza,Magoroto,
Tanga,Muheza,Magila,
Tanga,Muheza,Mbaramo,
Tanga,Muheza,Majengo,
Tanga,Muheza,Masuguru,
Tanga,Muheza,Tingeni,
Tanga,Muheza,Kilulu,
Tanga,Muheza,Mkuzi,
Tanga,Muheza,Mtindiro,
Tanga,Muheza,Kwafungo,
Tanga,Muheza,Songa,
Tanga,Muheza,Bwembwera,
Tanga,Muheza,Potwe,
Tanga,Muheza,Nkumba,
Tanga,Muheza,Kisiwani,
Tanga,Muheza,Misalai,
Tanga,Muheza,Zirai,
Tanga,Muheza,Mbomole,
Tanga,Muheza,Amani,
Tanga,Muheza,Tongwe,
Tanga,Muheza,Mhamba,
Tanga,Muheza,Kwakifua,
Tanga,Muheza,Kwemkabala,
Tanga,Muheza,Genge,
Tanga,Muheza,Tanganyika,
Tanga,Muheza,Mpapayu,
Tanga,Muheza,Mlingano,
Tanga,Tanga Urban,Central,
Tanga,Tanga Urban,Majengo,
Tanga,Tanga Urban,Nguvumali,
Tanga,Tanga Urban,Chumbageni,
Tanga,Tanga Urban,Ngamiani Kaskazini,
Tanga,Tanga Urban,Ngamiani Kati,
Tanga,Tanga Urban,Ngamiani Kusini,
Tanga,Tanga Urban,Usagara,
Tanga,Tanga Urban,Makorora,
Tanga,Tanga Urban,Mzingani,
Tanga,Tanga Urban,Msambweni,
Tanga,Tanga Urban,Mwanzange,
Tanga,Tanga Urban,Tangasisi,
Tanga,Tanga Urban,Mabawa,
Tanga,Tanga Urban,Tongoni,
Tanga,Tanga Urban,Marungu,
Tanga,Tanga Urban,Pongwe,
Tanga,Tanga Urban,Maweni,
Tanga,Tanga Urban,Duga,
Tanga,Tanga Urban,Mzizima,
Tanga,Tanga Urban,Mabokweni,
Tanga,Tanga Urban,Kirare,
Tanga,Tanga Urban,Kiomoni,
Tanga,Tanga Urban,Chongoleani,
Tanga,Pangani,Pangani Mashariki,
Tanga,Pangani,Pangani Magharibi,
Tanga,Pangani,Bweni,
Tanga,Pangani,Madanga,
Tanga,Pangani,Kimang'a,
Tanga,Pangani,Bushiri,
Tanga,Pangani,Mwera,
Tanga,Pangani,Tungamaa,
Tanga,Pangani,Kipumbwi,
Tanga,Pangani,Mikunguni,
Tanga,Pangani,Ubangaa,
Tanga,Pangani,Mkwaja,
Tanga,Pangani,Mkalamo,
Tanga,Handeni,Segera,
Tanga,Handeni,Ndolwa,
Tanga,Handeni,Mazingara,
Tanga,Handeni,Kwamsisi,
Tanga,Handeni,Kwasunga,
Tanga,Handeni,Kwaluguru,
Tanga,Handeni,Kang'ata,
Tanga,Handeni,Kwamkonje,
Tanga,Handeni,Kwachaga,
Tanga,Handeni,Sindeni,
Tanga,Handeni,Misima,
Tanga,Handeni,Kiva,
Tanga,Handeni,Kabuku,
Tanga,Handeni,Kwamatuku,
Tanga,Handeni,Kwedizinga,
Tanga,Handeni,Mgambo,
Tanga,Handeni,Komkonga,
Tanga,Handeni,Mkata,
Tanga,Handeni,Kabuku ndani,
Tanga,Handeni,Kwamgwe,
Tanga,Kilindi,Lwande,
Tanga,Kilindi,Kikunde,
Tanga,Kilindi,Songe,
Tanga,Kilindi,Pagwi,
Tanga,Kilindi,Masagalu,
Tanga,Kilindi,Kimbe,
Tanga,Kilindi,Kilindi,
Tanga,Kilindi,Negero,
Tanga,Kilindi,Mkindi,
Tanga,Kilindi,Mvungwe,
Tanga,Kilindi,Kwediboma,
Tanga,Kilindi,Saunyi,
Tanga,Kilindi,Jaila,
Tanga,Kilindi,Msanja,
Tanga,Kilindi,Kisangasa,
Tanga,Kilindi,Mabalanga,
Tanga,Kilindi,Kibirashi,
Tanga,Kilindi,Kilwa,
Tanga,Kilindi,Tunguli,
Tanga,Kilindi,Kwekivu,
Tanga,Mkinga,Mwakijembe,
Tanga,Mkinga,Mkinga,
Tanga,Mkinga,Duga,
Tanga,Mkinga,Moa,
Tanga,Mkinga,Manza,
Tanga,Mkinga,Kwale,
Tanga,Mkinga,Mtimbwani,
Tanga,Mkinga,Gombero,
Tanga,Mkinga,Mhinduro,
Tanga,Mkinga,Maramba,
Tanga,Mkinga,Kigongoi,
Tanga,Mkinga,Daluni,
Tanga,Mkinga,Bosha,
Tanga,Mkinga,Mapatano,
Tanga,Mkinga,Bwiti,
Tanga,Mkinga,Mnyenzani,
Tanga,Mkinga,Doda,
Tanga,Mkinga,Boma,
Tanga,Mkinga,Parungu Kasera,
Tanga,Mkinga,Mayomboni,
Tanga,Mkinga,Sigaya,
Tanga,Korogwe Township Authority,Ngombezi,
Tanga,Korogwe Township Authority,Mtonga,
Tanga,Korogwe Township Authority,Magunga,
Tanga,Korogwe Township Authority,Kwamndolwa,
Tanga,Korogwe Township Authority,Old Korogwe,
Tanga,Korogwe Township Authority,Manundu,
Tanga,Korogwe Township Authority,Kilole,
Tanga,Korogwe Township Authority,Kwamsisi,
Tanga,Handeni Mji,Malezi,
Tanga,Handeni Mji,Kwenjugo,
Tanga,Handeni Mji,Mabanda,
Tanga,Handeni Mji,Konje,
Tanga,Handeni Mji,Mlimani,
Tanga,Handeni Mji,Msasa,
Tanga,Handeni Mji,Kideleko,
Tanga,Handeni Mji,Kwamagome,
Tanga,Handeni Mji,Vibaoni,
Tanga,Handeni Mji,Chanika,
Tanga,Handeni Mji,Mdoe,
Tanga,Handeni Mji,Kwediyamba,
Morogoro,Kilosa,Mabula,
Morogoro,Kilosa,Maguha,
Morogoro,Kilosa,Berega,
Morogoro,Kilosa,Magubike,
Morogoro,Kilosa,Mamboya,
Morogoro,Kilosa,Dumila,
Morogoro,Kilosa,Magole,
Morogoro,Kilosa,Msowero,
Morogoro,Kilosa,Rudewa,
Morogoro,Kilosa,Chanzulu,
Morogoro,Kilosa,Kimamba 'A',
Morogoro,Kilosa,Kimamba ' B ',
Morogoro,Kilosa,Mbumi,
Morogoro,Kilosa,Mkwatani,
Morogoro,Kilosa,Magomeni,
Morogoro,Kilosa,Kasiki,
Morogoro,Kilosa,Mabwerebwere,
Morogoro,Kilosa,Kilangali,
Morogoro,Kilosa,Mikumi,
Morogoro,Kilosa,Ruhembe,
Morogoro,Kilosa,Kidodi,
Morogoro,Kilosa,Vidunda,
Morogoro,Kilosa,Malolo,
Morogoro,Kilosa,Kisanga,
Morogoro,Kilosa,Uleling'ombe,
Morogoro,Kilosa,Ulaya,
Morogoro,Kilosa,Zombo,
Morogoro,Kilosa,Lumuma,
Morogoro,Kilosa,Masanze,
Morogoro,Kilosa,Lumbiji,
Morogoro,Kilosa,Kitete,
Morogoro,Kilosa,Madoto,
Morogoro,Kilosa,Tindiga,
Morogoro,Kilosa,Ruaha,
Morogoro,Morogoro,Kasanga,
Morogoro,Morogoro,Kolero,
Morogoro,Morogoro,Mvuha,
Morogoro,Morogoro,Selembala,
Morogoro,Morogoro,Bwaki la Chini,
Morogoro,Morogoro,Bwakila Juu,
Morogoro,Morogoro,Kisaki,
Morogoro,Morogoro,Mngazi,
Morogoro,Morogoro,Singisa,
Morogoro,Morogoro,Mkambarani,
Morogoro,Morogoro,Mikese,
Morogoro,Morogoro,Kidugalo,
Morogoro,Morogoro,Mkulazi,
Morogoro,Morogoro,Ngerengere,
Morogoro,Morogoro,Tununguo,
Morogoro,Morogoro,Kiroka,
Morogoro,Morogoro,Mkuyuni,
Morogoro,Morogoro,Tegetero,
Morogoro,Morogoro,Kibogwa,
Morogoro,Morogoro,Kibungo Juu,
Morogoro,Morogoro,Kisemu,
Morogoro,Morogoro,Lundi,
Morogoro,Morogoro,Mtombozi,
Morogoro,Morogoro,Tawa,
Morogoro,Morogoro,Matuli,
Morogoro,Morogoro,Gwata,
Morogoro,Morogoro,Konde,
Morogoro,Morogoro,Bungu,
Morogoro,Kilombero,Kidatu,
Morogoro,Kilombero,Sanje,
Morogoro,Kilombero,Mkula,
Morogoro,Kilombero,Mang'ula,
Morogoro,Kilombero,Kisawasawa,
Morogoro,Kilombero,Kiberege,
Morogoro,Kilombero,Kibaoni,
Morogoro,Kilombero,Ifakara,
Morogoro,Kilombero,Lumemo,
Morogoro,Kilombero,Idete,
Morogoro,Kilombero,Mbingu,
Morogoro,Kilombero,Mofu,
Morogoro,Kilombero,Mchombe,
Morogoro,Kilombero,Chisano,
Morogoro,Kilombero,Mlimba,
Morogoro,Kilombero,Utengule,
Morogoro,Kilombero,Masagati,
Morogoro,Kilombero,Uchindile,
Morogoro,Ulanga,Minepa,
Morogoro,Ulanga,Lupiro,
Morogoro,Ulanga,Kichangani,
Morogoro,Ulanga,Msogezi,
Morogoro,Ulanga,Vigoi,
Morogoro,Ulanga,Mahenge,
Morogoro,Ulanga,Isongo,
Morogoro,Ulanga,Ruaha,
Morogoro,Ulanga,Chirombola,
Morogoro,Ulanga,Sali,
Morogoro,Ulanga,Euga,
Morogoro,Ulanga,Mwaya,
Morogoro,Ulanga,Lukande,
Morogoro,Ulanga,Mbuga,
Morogoro,Ulanga,Ilonga,
Morogoro,Ulanga,Kilosa kwa Mpepo,
Morogoro,Ulanga,Ngoheranga,
Morogoro,Ulanga,Biro,
Morogoro,Ulanga,Malinyi,
Morogoro,Ulanga,Sofi,
Morogoro,Ulanga,Usangule,
Morogoro,Ulanga,Mtimbira,
Morogoro,Ulanga,Itete,
Morogoro,Ulanga,Iragua,
Morogoro,Morogoro Urban,Sabasaba,
Morogoro,Morogoro Urban,Uwanja wa Taifa,
Morogoro,Morogoro Urban,Kiwanja Cha Ndege,
Morogoro,Morogoro Urban,Mji Mpya,
Morogoro,Morogoro Urban,Kingo,
Morogoro,Morogoro Urban,Mji Mkuu,
Morogoro,Morogoro Urban,Sultan Area,
Morogoro,Morogoro Urban,Mafiga,
Morogoro,Morogoro Urban,Mazimbu,
Morogoro,Morogoro Urban,Mwembesongo,
Morogoro,Morogoro Urban,Kichangani,
Morogoro,Morogoro Urban,Kilakala,
Morogoro,Morogoro Urban,Boma,
Morogoro,Morogoro Urban,Mlimani,
Morogoro,Morogoro Urban,Mbuyuni,
Morogoro,Morogoro Urban,Kingolwira,
Morogoro,Morogoro Urban,Bigwa,
Morogoro,Morogoro Urban,Mzinga,
Morogoro,Morogoro Urban,Kihonda,
Morogoro,Mvomero,Mvomero,
Morogoro,Mvomero,Hembeti,
Morogoro,Mvomero,Maskati,
Morogoro,Mvomero,Kibati,
Morogoro,Mvomero,Sungaji,
Morogoro,Mvomero,Mhonda,
Morogoro,Mvomero,Diongoya,
Morogoro,Mvomero,Mtibwa,
Morogoro,Mvomero,Kanga,
Morogoro,Mvomero,Bunduki,
Morogoro,Mvomero,Kikeo,
Morogoro,Mvomero,Langali,
Morogoro,Mvomero,Tchenzema,
Morogoro,Mvomero,Mzumbe,
Morogoro,Mvomero,Mlali,
Morogoro,Mvomero,Doma,
Morogoro,Mvomero,Melela,
Morogoro,Gairo,Chakwale,
Morogoro,Gairo,Iyogwe,
Morogoro,Gairo,Idibo,
Morogoro,Gairo,Kibedya,
Morogoro,Gairo,Msingisi,
Morogoro,Gairo,Gairo,
Morogoro,Gairo,Rubeho,
Morogoro,Gairo,Mandege,
Morogoro,Gairo,Chagongwe,
Morogoro,Gairo,Chanjale,
Morogoro,Gairo,Nongwe,
Pwani,Bagamoyo,Kiwangwa,
Pwani,Bagamoyo,Msata,
Pwani,Bagamoyo,Miono,
Pwani,Bagamoyo,Mkange,
Pwani,Bagamoyo,Magomeni,
Pwani,Bagamoyo,Dunda,
Pwani,Bagamoyo,Kiromo,
Pwani,Bagamoyo,Zinga,
Pwani,Bagamoyo,Yombo,
Pwani,Bagamoyo,Vigwaza,
Pwani,Bagamoyo,Talawanda,
Pwani,Bagamoyo,Bwilingu,
Pwani,Bagamoyo,Lugoba,
Pwani,Bagamoyo,Ubenazomozi,
Pwani,Bagamoyo,Kibindu,
Pwani,Bagamoyo,Fukayose,
Pwani,Bagamoyo,Kerege,
Pwani,Bagamoyo,Pera,
Pwani,Bagamoyo,Msoga,
Pwani,Bagamoyo,Kimange,
Pwani,Bagamoyo,Mandera,
Pwani,Kibaha,Gwata,
Pwani,Kibaha,Dutumi,
Pwani,Kibaha,Magindu,
Pwani,Kibaha,Soga,
Pwani,Kibaha,Kikongo,
Pwani,Kibaha,Ruvu,
Pwani,Kibaha,Mlandizi,
Pwani,Kibaha,Kwala,
Pwani,Kibaha,Kilangalanga,
Pwani,Kibaha,Janga,
Pwani,Kibaha,Bokomnemela,
Pwani,Kisarawe,Kisarawe,
Pwani,Kisarawe,Msimbu,
Pwani,Kisarawe,Masaki,
Pwani,Kisarawe,Kibuta,
Pwani,Kisarawe,Marumbo,
Pwani,Kisarawe,Maneromango,
Pwani,Kisarawe,Msanga,
Pwani,Kisarawe,Marui,
Pwani,Kisarawe,Cholesamvula,
Pwani,Kisarawe,Vikumbulu,
Pwani,Kisarawe,Mafizi,
Pwani,Kisarawe,Kurui,
Pwani,Kisarawe,Mzenga,
Pwani,Kisarawe,Vihingo,
Pwani,Kisarawe,Kiluvya,
Pwani,Mkuranga,Mkuranga,
Pwani,Mkuranga,Tambani,
Pwani,Mkuranga,Vikindu,
Pwani,Mkuranga,Mbezi,
Pwani,Mkuranga,Shungubweni,
Pwani,Mkuranga,Kisiju,
Pwani,Mkuranga,Magawa,
Pwani,Mkuranga,Kitomondo,
Pwani,Mkuranga,Lukanga,
Pwani,Mkuranga,Nyamato,
Pwani,Mkuranga,Kimanzichana,
Pwani,Mkuranga,Mkamba,
Pwani,Mkuranga,Panzuo,
Pwani,Mkuranga,Bupu,
Pwani,Mkuranga,Mwarusembe,
Pwani,Mkuranga,Vianzi,
Pwani,Mkuranga,Njia nne,
Pwani,Mkuranga,Kiparang'anda,
Pwani,Rufiji,Ikwiriri,
Pwani,Rufiji,Mgomba,
Pwani,Rufiji,Umwe,
Pwani,Rufiji,Utete,
Pwani,Rufiji,Mkongo,
Pwani,Rufiji,Ngorongo,
Pwani,Rufiji,Mwaseni,
Pwani,Rufiji,Kibiti,
Pwani,Rufiji,Bungu,
Pwani,Rufiji,Mahege,
Pwani,Rufiji,Mchukwi,
Pwani,Rufiji,Chumbi,
Pwani,Rufiji,Mbwara,
Pwani,Rufiji,Mtunda,
Pwani,Rufiji,Ruaruke,
Pwani,Rufiji,Salale,
Pwani,Rufiji,Mbuchi,
Pwani,Rufiji,Kiongoroni,
Pwani,Rufiji,Maparoni,
Pwani,Rufiji,Chemchem,
Pwani,Rufiji,Ngarambe,
Pwani,Rufiji,Dimani,
Pwani,Rufiji,Mtawanya,
Pwani,Rufiji,Mjawa,
Pwani,Rufiji,Mlanzi,
Pwani,Rufiji,Mwambao,
Pwani,Mafia,Kanga,
Pwani,Mafia,Kirongwe,
Pwani,Mafia,Baleni,
Pwani,Mafia,Ndagoni,
Pwani,Mafia,Kilindoni,
Pwani,Mafia,Miburani,
Pwani,Mafia,Kiegeani,
Pwani,Mafia,Jibondo,
Pwani,Kibaha Urban,Pangani,
Pwani,Kibaha Urban,Mailimoja,
Pwani,Kibaha Urban,Tumbi,
Pwani,Kibaha Urban,Picha ya Ndege,
Pwani,Kibaha Urban,Mkuza,
Pwani,Kibaha Urban,Kibaha,
Pwani,Kibaha Urban,Msangani,
Pwani,Kibaha Urban,Kongowe,
Pwani,Kibaha Urban,Misugusugu,
Pwani,Kibaha Urban,Visiga,
Pwani,Kibaha Urban,Mbwawa,
Dar-es-salaam,Kinondoni,Magomeni,
Dar-es-salaam,Kinondoni,Makurumla,
Dar-es-salaam,Kinondoni,Ndugumbi,
Dar-es-salaam,Kinondoni,Tandale,
Dar-es-salaam,Kinondoni,Mwananyamala,
Dar-es-salaam,Kinondoni,Msasani,
Dar-es-salaam,Kinondoni,Kinondoni,
Dar-es-salaam,Kinondoni,Mzimuni,
Dar-es-salaam,Kinondoni,Kigogo,
Dar-es-salaam,Kinondoni,Mabibo,
Dar-es-salaam,Kinondoni,Manzese,
Dar-es-salaam,Kinondoni,Ubungo,
Dar-es-salaam,Kinondoni,Kibamba,
Dar-es-salaam,Kinondoni,Goba,
Dar-es-salaam,Kinondoni,Kawe,
Dar-es-salaam,Kinondoni,Kunduchi,
Dar-es-salaam,Kinondoni,Mbweni,
Dar-es-salaam,Kinondoni,Bunju,
Dar-es-salaam,Kinondoni,Makuburi,
Dar-es-salaam,Kinondoni,Mburahati,
Dar-es-salaam,Kinondoni,Makumbusho,
Dar-es-salaam,Kinondoni,Sinza,
Dar-es-salaam,Kinondoni,Kijitonyama,
Dar-es-salaam,Kinondoni,Kimara,
Dar-es-salaam,Kinondoni,Mikocheni,
Dar-es-salaam,Kinondoni,Mbezi,
Dar-es-salaam,Kinondoni,Hananasifu,
Dar-es-salaam,Kinondoni,Saranga,
Dar-es-salaam,Kinondoni,Kwembe,
Dar-es-salaam,Kinondoni,Msigani,
Dar-es-salaam,Kinondoni,Mbezi Juu,
Dar-es-salaam,Kinondoni,Makongo,
Dar-es-salaam,Kinondoni,Mabwepande,
Dar-es-salaam,Kinondoni,Wazo,
Dar-es-salaam,Ilala,Ukonga,
Dar-es-salaam,Ilala,Pugu,
Dar-es-salaam,Ilala,Msongola,
Dar-es-salaam,Ilala,Tabata,
Dar-es-salaam,Ilala,Kinyerezi,
Dar-es-salaam,Ilala,Ilala,
Dar-es-salaam,Ilala,Mchikichini,
Dar-es-salaam,Ilala,Vingunguti,
Dar-es-salaam,Ilala,Kipawa,
Dar-es-salaam,Ilala,Buguruni,
Dar-es-salaam,Ilala,Kariakoo,
Dar-es-salaam,Ilala,Jangwani,
Dar-es-salaam,Ilala,Gerezani,
Dar-es-salaam,Ilala,Kisutu,
Dar-es-salaam,Ilala,Mchafukoge,
Dar-es-salaam,Ilala,Upanga Mashariki,
Dar-es-salaam,Ilala,Upanga Magharibi,
Dar-es-salaam,Ilala,Kivukoni,
Dar-es-salaam,Ilala,Kiwalani,
Dar-es-salaam,Ilala,Segerea,
Dar-es-salaam,Ilala,Kitunda,
Dar-es-salaam,Ilala,Chanika,
Dar-es-salaam,Ilala,Kivule,
Dar-es-salaam,Ilala,Gongolamboto,
Dar-es-salaam,Ilala,Majohe,
Dar-es-salaam,Ilala,Kimanga,
Dar-es-salaam,Temeke,Kigamboni,
Dar-es-salaam,Temeke,Vijibweni,
Dar-es-salaam,Temeke,Kibada,
Dar-es-salaam,Temeke,Kisarawe II,
Dar-es-salaam,Temeke,Somangila,
Dar-es-salaam,Temeke,Kimbiji,
Dar-es-salaam,Temeke,Mbagala,
Dar-es-salaam,Temeke,Chamazi,
Dar-es-salaam,Temeke,Yombo Vituka,
Dar-es-salaam,Temeke,Charambe,
Dar-es-salaam,Temeke,Toangoma,
Dar-es-salaam,Temeke,Miburani,
Dar-es-salaam,Temeke,Temeke,
Dar-es-salaam,Temeke,Mtoni,
Dar-es-salaam,Temeke,Keko,
Dar-es-salaam,Temeke,Kurasini,
Dar-es-salaam,Temeke,Azimio,
Dar-es-salaam,Temeke,Tandika,
Dar-es-salaam,Temeke,Sandali,
Dar-es-salaam,Temeke,Chang'ombe,
Dar-es-salaam,Temeke,Mbagala Kuu,
Dar-es-salaam,Temeke,Makangarawe,
Dar-es-salaam,Temeke,Pemba Mnazi,
Dar-es-salaam,Temeke,Mjimwema,
Dar-es-salaam,Temeke,Tungi,
Dar-es-salaam,Temeke,Kijichi,
Dar-es-salaam,Temeke,Mianzini,
Dar-es-salaam,Temeke,Kiburugwa,
Dar-es-salaam,Temeke,Buza,
Dar-es-salaam,Temeke,Kilakala,
Lindi,Kilwa,Tingi,
Lindi,Kilwa,Miteja,
Lindi,Kilwa,Mingumbi,
Lindi,Kilwa,Kinjumbi,
Lindi,Kilwa,Chumo,
Lindi,Kilwa,Kipatimu,
Lindi,Kilwa,Kandawale,
Lindi,Kilwa,Njinjo,
Lindi,Kilwa,Mitole,
Lindi,Kilwa,Miguruwe,
Lindi,Kilwa,Likawage,
Lindi,Kilwa,Nanjirinji,
Lindi,Kilwa,Kirnjernje,
Lindi,Kilwa,Mandawa,
Lindi,Kilwa,Lihimalyao,
Lindi,Kilwa,Pande,
Lindi,Kilwa,Kikole,
Lindi,Kilwa,Kivinjesingino,
Lindi,Kilwa,Songosongo,
Lindi,Kilwa,Masoko,
Lindi,Kilwa,Kibata,
Lindi,Lindi,Mipingo,
Lindi,Lindi,Kitomanga,
Lindi,Lindi,Mchinga,
Lindi,Lindi,Kilolambwani,
Lindi,Lindi,Kilangala,
Lindi,Lindi,Kiwalala,
Lindi,Lindi,Navanga,
Lindi,Lindi,Mnolela,
Lindi,Lindi,Sudi,
Lindi,Lindi,Nachunyu,
Lindi,Lindi,Mtama,
Lindi,Lindi,Nyangao,
Lindi,Lindi,Namupa,
Lindi,Lindi,Nyengedi,
Lindi,Lindi,Mtua,
Lindi,Lindi,Nahukahuka,
Lindi,Lindi,Nyangamara,
Lindi,Lindi,Mandwanga,
Lindi,Lindi,Mnara,
Lindi,Lindi,Chiponda,
Lindi,Lindi,Pangatena,
Lindi,Lindi,Longa,
Lindi,Lindi,Rutamba,
Lindi,Lindi,Milola,
Lindi,Lindi,Kiwawa,
Lindi,Lindi,Mtumbya,
Lindi,Lindi,Matimba,
Lindi,Lindi,Nangaru,
Lindi,Lindi,Majengo,
Lindi,Lindi,Namangale,
Lindi,Nachingwea,Nambambo,
Lindi,Nachingwea,Kilimanihewa,
Lindi,Nachingwea,Ruponda,
Lindi,Nachingwea,Minero Miembeni,
Lindi,Nachingwea,Namapwia,
Lindi,Nachingwea,Kipara Mnero,
Lindi,Nachingwea,Lionja,
Lindi,Nachingwea,Namikango,
Lindi,Nachingwea,Nditi,
Lindi,Nachingwea,Kilima Rondo,
Lindi,Nachingwea,Mbondo,
Lindi,Nachingwea,Kiegei,
Lindi,Nachingwea,Mkoka,
Lindi,Nachingwea,Chiola,
Lindi,Nachingwea,Mpiruka,
Lindi,Nachingwea,Nangowe,
Lindi,Nachingwea,Mkotokuyana,
Lindi,Nachingwea,Naipanga,
Lindi,Nachingwea,Stesheni,
Lindi,Nachingwea,Naipingo,
Lindi,Nachingwea,Mtua,
Lindi,Nachingwea,Minerongongo,
Lindi,Nachingwea,Matekwe,
Lindi,Nachingwea,Marambo,
Lindi,Nachingwea,Namatula,
Lindi,Nachingwea,Ndomoni,
Lindi,Liwale,Liwale Mjini,
Lindi,Liwale,Mihumo,
Lindi,Liwale,Ngongowele,
Lindi,Liwale,Mlembwe,
Lindi,Liwale,Makata,
Lindi,Liwale,Barikiwa,
Lindi,Liwale,Mkutano,
Lindi,Liwale,Mbaya,
Lindi,Liwale,Kimambi,
Lindi,Liwale,Kiangara,
Lindi,Liwale,Kibutuka,
Lindi,Liwale,Nangano,
Lindi,Liwale,Mpigamiti,
Lindi,Liwale,Mirui,
Lindi,Liwale,Liwale 'B',
Lindi,Liwale,Mangirikiti,
Lindi,Liwale,Nangando,
Lindi,Liwale,Likongowele,
Lindi,Liwale,Kichonda,
Lindi,Liwale,Lilombe,
Lindi,Ruangwa,Ruangwa,
Lindi,Ruangwa,Mbekenyera,
Lindi,Ruangwa,Nkowe,
Lindi,Ruangwa,Malolo,
Lindi,Ruangwa,Luchelegwa,
Lindi,Ruangwa,Chienjele,
Lindi,Ruangwa,Namichiga,
Lindi,Ruangwa,Narung'ombe,
Lindi,Ruangwa,Makanjiro,
Lindi,Ruangwa,Likunja,
Lindi,Ruangwa,Mnacho,
Lindi,Ruangwa,Mandawa,
Lindi,Ruangwa,Nambilanje,
Lindi,Ruangwa,Chunyu,
Lindi,Ruangwa,Mandarawe,
Lindi,Ruangwa,Nachingwea,
Lindi,Ruangwa,Matambarale,
Lindi,Ruangwa,Chibula,
Lindi,Ruangwa,Nandagala,
Lindi,Ruangwa,Nanganga,
Lindi,Ruangwa,Chinongwe,
Lindi,Lindi Urban,Ndoro,
Lindi,Lindi Urban,Makonde,
Lindi,Lindi Urban,Mikumbi,
Lindi,Lindi Urban,Mitandi,
Lindi,Lindi Urban,Rahaleo,
Lindi,Lindi Urban,Mwenge,
Lindi,Lindi Urban,Matopeni,
Lindi,Lindi Urban,Wailes,
Lindi,Lindi Urban,Nachingwea,
Lindi,Lindi Urban,Rasbura,
Lindi,Lindi Urban,Mtanda,
Lindi,Lindi Urban,Jamhuri,
Lindi,Lindi Urban,Msinjahili,
Lindi,Lindi Urban,Mingoyo,
Lindi,Lindi Urban,Ng'apa,
Lindi,Lindi Urban,Tandangongoro,
Lindi,Lindi Urban,Chikonji,
Lindi,Lindi Urban,Mbanja,
Mtwara,Mtwara,Madimba,
Mtwara,Mtwara,Ziwani,
Mtwara,Mtwara,Nanguruwe,
Mtwara,Mtwara,Mahurunga,
Mtwara,Mtwara,Kitaya,
Mtwara,Mtwara,Kiromba,
Mtwara,Mtwara,Njengwa,
Mtwara,Mtwara,Nitekela,
Mtwara,Mtwara,Nanyamba,
Mtwara,Mtwara,Mtiniko,
Mtwara,Mtwara,Dihimba,
Mtwara,Mtwara,Mnima,
Mtwara,Mtwara,Kitere,
Mtwara,Mtwara,Ndumbwe,
Mtwara,Mtwara,Mayanga,
Mtwara,Mtwara,Naumbu,
Mtwara,Mtwara,Chawi,
Mtwara,Mtwara,Namtumbuka,
Mtwara,Mtwara,Libobe,
Mtwara,Mtwara,Mpapura,
Mtwara,Mtwara,Muungano,
Mtwara,Mtwara,Mbawala,
Mtwara,Mtwara,Msanga Mkuu,
Mtwara,Mtwara,Tangazo,
Mtwara,Mtwara,Kiyanga,
Mtwara,Mtwara,Milango Minne,
Mtwara,Mtwara,Mbembaleo,
Mtwara,Mtwara,Mtimbwilimbwi,
Mtwara,Newala,Luchindu,
Mtwara,Newala,Makote,
Mtwara,Newala,Nanguruwe,
Mtwara,Newala,Mkunya,
Mtwara,Newala,Mcholi I,
Mtwara,Newala,Namiyonga,
Mtwara,Newala,Mnekachi,
Mtwara,Newala,Chitekete,
Mtwara,Newala,Mnyambe,
Mtwara,Newala,Chilangala,
Mtwara,Newala,Mkoma II,
Mtwara,Newala,Kitangari,
Mtwara,Newala,Malatu,
Mtwara,Newala,Mchemo,
Mtwara,Newala,Mtopwa,
Mtwara,Newala,Chiwonga,
Mtwara,Newala,Maputi,
Mtwara,Newala,Makukwe,
Mtwara,Newala,Mkwedu,
Mtwara,Newala,Mcholi II,
Mtwara,Newala,Mtonya,
Mtwara,Newala,Makonga,
Mtwara,Newala,Nakahako,
Mtwara,Newala,Chihangu,
Mtwara,Newala,Nambali,
Mtwara,Newala,Nandwahi,
Mtwara,Newala,Mtunguru,
Mtwara,Newala,Mdimba MpeleMpele,
Mtwara,Masasi,Namatutwe,
Mtwara,Masasi,Namajani,
Mtwara,Masasi,Mlingula,
Mtwara,Masasi,Chiwale,
Mtwara,Masasi,Lukuledi,
Mtwara,Masasi,Mpanyani,
Mtwara,Masasi,Chigugu,
Mtwara,Masasi,Mwena,
Mtwara,Masasi,Nanganga,
Mtwara,Masasi,Chiwata,
Mtwara,Masasi,Mkundi,
Mtwara,Masasi,Mkululu,
Mtwara,Masasi,Nanjota,
Mtwara,Masasi,Chiungutwa,
Mtwara,Masasi,Mbuyuni,
Mtwara,Masasi,Lipumburu,
Mtwara,Masasi,Sindano,
Mtwara,Masasi,Namalenga,
Mtwara,Masasi,Mchauru,
Mtwara,Masasi,Mnavira,
Mtwara,Masasi,Chikolopola,
Mtwara,Masasi,Lulindi,
Mtwara,Tandahimba,Tandahimba,
Mtwara,Tandahimba,Kitama,
Mtwara,Tandahimba,Michenjele,
Mtwara,Tandahimba,Mihambwe,
Mtwara,Tandahimba,Mkoreha,
Mtwara,Tandahimba,Maundo,
Mtwara,Tandahimba,Naputa,
Mtwara,Tandahimba,Namikupa,
Mtwara,Tandahimba,Mnyawa,
Mtwara,Tandahimba,Mkundi,
Mtwara,Tandahimba,Lukokoda,
Mtwara,Tandahimba,Mahuta,
Mtwara,Tandahimba,Nanhyanga,
Mtwara,Tandahimba,Chingungwe,
Mtwara,Tandahimba,Mdimba Mnyoma,
Mtwara,Tandahimba,Milongodi,
Mtwara,Tandahimba,Lyenje,
Mtwara,Tandahimba,Chaume,
Mtwara,Tandahimba,Mkonjowano,
Mtwara,Tandahimba,Luagala,
Mtwara,Tandahimba,Ngunja,
Mtwara,Tandahimba,Mkwiti,
Mtwara,Tandahimba,Litehu,
Mtwara,Tandahimba,Nambahu,
Mtwara,Tandahimba,Miuta,
Mtwara,Tandahimba,Kwanyama,
Mtwara,Tandahimba,Mchichira,
Mtwara,Tandahimba,Chikongola,
Mtwara,Tandahimba,Dinduma,
Mtwara,Tandahimba,Mdumbwe,
Mtwara,Mtwara Urban,Majengo,
Mtwara,Mtwara Urban,Chikongola,
Mtwara,Mtwara Urban,Likombe,
Mtwara,Mtwara Urban,Railway,
Mtwara,Mtwara Urban,Shangani,
Mtwara,Mtwara Urban,Vigaeni,
Mtwara,Mtwara Urban,Chuno,
Mtwara,Mtwara Urban,Jangwani,
Mtwara,Mtwara Urban,Kisungule,
Mtwara,Mtwara Urban,Mitengo,
Mtwara,Mtwara Urban,Mtonya,
Mtwara,Mtwara Urban,Ufukoni,
Mtwara,Mtwara Urban,Magengeni,
Mtwara,Mtwara Urban,Rahaleo,
Mtwara,Mtwara Urban,Naliendele,
Mtwara,Nanyumbu,Mangaka,
Mtwara,Nanyumbu,Nangomba,
Mtwara,Nanyumbu,Lumesule,
Mtwara,Nanyumbu,Likokona,
Mtwara,Nanyumbu,Sengenya,
Mtwara,Nanyumbu,Mnanje,
Mtwara,Nanyumbu,Mikangaula,
Mtwara,Nanyumbu,Maratani,
Mtwara,Nanyumbu,Nandete,
Mtwara,Nanyumbu,Mkonona,
Mtwara,Nanyumbu,Nanyumbu,
Mtwara,Nanyumbu,Masuguru,
Mtwara,Nanyumbu,Chipuputa,
Mtwara,Nanyumbu,Napacho,
Mtwara,Masasi Township Authority,Mwenge Mtapika,
Mtwara,Masasi Township Authority,Temeke,
Mtwara,Masasi Township Authority,Mkuti,
Mtwara,Masasi Township Authority,Mpindimbi,
Mtwara,Masasi Township Authority,Nyasa,
Mtwara,Masasi Township Authority,Marika,
Mtwara,Masasi Township Authority,Mkomaindo,
Mtwara,Masasi Township Authority,Mtandi,
Mtwara,Masasi Township Authority,Jida,
Mtwara,Masasi Township Authority,Migongo,
Mtwara,Masasi Township Authority,Mwenge,
Mtwara,Masasi Township Authority,Sululu,
Ruvuma,Tunduru,Kalulu,
Ruvuma,Tunduru,Ligunga,
Ruvuma,Tunduru,Mlingoti Mashariki,
Ruvuma,Tunduru,Mindu,
Ruvuma,Tunduru,Ngapa,
Ruvuma,Tunduru,Nakapanya,
Ruvuma,Tunduru,Muhuwesi,
Ruvuma,Tunduru,Tuwemacho,
Ruvuma,Tunduru,Ligoma,
Ruvuma,Tunduru,Misechela,
Ruvuma,Tunduru,Namasakata,
Ruvuma,Tunduru,Mtina,
Ruvuma,Tunduru,Mchesi,
Ruvuma,Tunduru,Lukumbule,
Ruvuma,Tunduru,Nalasi-Magharibi,
Ruvuma,Tunduru,Mchoteka,
Ruvuma,Tunduru,Marumba,
Ruvuma,Tunduru,Mbesa,
Ruvuma,Tunduru,Mlingoti Magharibi,
Ruvuma,Tunduru,Kidodoma,
Ruvuma,Tunduru,Nandembo,
Ruvuma,Tunduru,Nampungu,
Ruvuma,Tunduru,Matemanga,
Ruvuma,Tunduru,Namwinyu,
Ruvuma,Tunduru,Mbati,
Ruvuma,Tunduru,Nalasi Mashariki,
Ruvuma,Tunduru,Mchuluka,
Ruvuma,Tunduru,Namiungo,
Ruvuma,Tunduru,Jakika,
Ruvuma,Tunduru,Masonya,
Ruvuma,Tunduru,Sisikwasisi,
Ruvuma,Tunduru,Mchangani,
Ruvuma,Tunduru,Majengo,
Ruvuma,Tunduru,Nanjoka,
Ruvuma,Tunduru,Nakayaya,
Ruvuma,Songea,Wino,
Ruvuma,Songea,Ndongosi,
Ruvuma,Songea,Matumbi,
Ruvuma,Songea,Mpandangino,
Ruvuma,Songea,Gumbiro,
Ruvuma,Songea,Mpitimbi,
Ruvuma,Songea,Muhuruku,
Ruvuma,Songea,Magagura,
Ruvuma,Songea,Litisha,
Ruvuma,Songea,Kilagano,
Ruvuma,Songea,Maposeni,
Ruvuma,Songea,Peramiho,
Ruvuma,Songea,Mahanje,
Ruvuma,Songea,Matimira,
Ruvuma,Songea,Mtyangimbole,
Ruvuma,Songea,Mkongotema,
Ruvuma,Songea,Mbinga Mhalule,
Ruvuma,Mbinga,Ruanda,
Ruvuma,Mbinga,Litumbandyosi,
Ruvuma,Mbinga,Kigonsera,
Ruvuma,Mbinga,Kihangi Mahuka,
Ruvuma,Mbinga,Utiri,
Ruvuma,Mbinga,Mbinga Mjini,
Ruvuma,Mbinga,Kilimani,
Ruvuma,Mbinga,Mbangamao,
Ruvuma,Mbinga,Kihungu,
Ruvuma,Mbinga,Kikolo,
Ruvuma,Mbinga,Kambarage,
Ruvuma,Mbinga,Mapera,
Ruvuma,Mbinga,Kipapa,
Ruvuma,Mbinga,Kipololo,
Ruvuma,Mbinga,Nyoni,
Ruvuma,Mbinga,Luwaita,
Ruvuma,Mbinga,Maguu,
Ruvuma,Mbinga,Kitumbalomo,
Ruvuma,Mbinga,Mkako,
Ruvuma,Mbinga,Mikalanga,
Ruvuma,Mbinga,Langiro,
Ruvuma,Mbinga,Mbuji,
Ruvuma,Mbinga,Litembo,
Ruvuma,Mbinga,Ngima,
Ruvuma,Mbinga,Myangayanga,
Ruvuma,Mbinga,Mkumbi,
Ruvuma,Mbinga,Linda,
Ruvuma,Mbinga,Matiri,
Ruvuma,Mbinga,Ukata,
Ruvuma,Mbinga,Kitanda,
Ruvuma,Mbinga,Kitura,
Ruvuma,Mbinga,Namswea,
Ruvuma,Mbinga,Mpepai,
Ruvuma,Mbinga,Mpapa,
Ruvuma,Songea Urban,Mjini,
Ruvuma,Songea Urban,Majengo,
Ruvuma,Songea Urban,Misufini,
Ruvuma,Songea Urban,Mfaranyaki,
Ruvuma,Songea Urban,Lizaboni,
Ruvuma,Songea Urban,Matarawe,
Ruvuma,Songea Urban,Bombambili,
Ruvuma,Songea Urban,Matogoro,
Ruvuma,Songea Urban,Ruvuma,
Ruvuma,Songea Urban,Subira,
Ruvuma,Songea Urban,Ruhuwiko,
Ruvuma,Songea Urban,Mshangano,
Ruvuma,Songea Urban,Mletele,
Ruvuma,Songea Urban,Seedfarm,
Ruvuma,Songea Urban,Tanga,
Ruvuma,Songea Urban,Msamala,
Ruvuma,Songea Urban,Mwengemshindo,
Ruvuma,Songea Urban,Mjimwema,
Ruvuma,Songea Urban,Mateka,
Ruvuma,Songea Urban,Ndilimalitembo,
Ruvuma,Namtumbo,Rwinga,
Ruvuma,Namtumbo,Mkongo,
Ruvuma,Namtumbo,Ligera,
Ruvuma,Namtumbo,Lusewa,
Ruvuma,Namtumbo,Magazini,
Ruvuma,Namtumbo,Msindo,
Ruvuma,Namtumbo,Luchili,
Ruvuma,Namtumbo,Namabengo,
Ruvuma,Namtumbo,Kitanda,
Ruvuma,Namtumbo,Luegu,
Ruvuma,Namtumbo,Namtumbo,
Ruvuma,Namtumbo,Mgombasi,
Ruvuma,Namtumbo,Litola,
Ruvuma,Namtumbo,Likuyuseka,
Ruvuma,Namtumbo,Mputa,
Ruvuma,Namtumbo,Hanga,
Ruvuma,Namtumbo,Limamu,
Ruvuma,Namtumbo,Mchomoro,
Ruvuma,Nyasa,Liparamba,
Ruvuma,Nyasa,Tingi,
Ruvuma,Nyasa,Chiwanda,
Ruvuma,Nyasa,Mtipwili,
Ruvuma,Nyasa,Kingerikiti,
Ruvuma,Nyasa,Luhangarasi,
Ruvuma,Nyasa,Kilosa,
Ruvuma,Nyasa,Mbambabay,
Ruvuma,Nyasa,Lipingo,
Ruvuma,Nyasa,Liuli,
Ruvuma,Nyasa,Kihagara,
Ruvuma,Nyasa,Ngumbo,
Ruvuma,Nyasa,Liwundi,
Ruvuma,Nyasa,Mbaha,
Ruvuma,Nyasa,Lituhi,
Iringa,Iringa,Kalenga,
Iringa,Iringa,Kiwere,
Iringa,Iringa,Nzihi,
Iringa,Iringa,Ulanda,
Iringa,Iringa,Mseke,
Iringa,Iringa,Maguliwa,
Iringa,Iringa,Mgama,
Iringa,Iringa,Ifunda,
Iringa,Iringa,Lumuli,
Iringa,Iringa,Maboga,
Iringa,Iringa,Wasa,
Iringa,Iringa,Mahuninga,
Iringa,Iringa,Idodi,
Iringa,Iringa,Mlowa,
Iringa,Iringa,Itunundu,
Iringa,Iringa,Ilolo Mpya,
Iringa,Iringa,Nduli,
Iringa,Iringa,Kihorogota,
Iringa,Iringa,Izazi,
Iringa,Iringa,Malenga Makali,
Iringa,Iringa,Nyang'oro,
Iringa,Iringa,Luhota,
Iringa,Iringa,Lyamgungwe,
Iringa,Iringa,Mlenge,
Iringa,Iringa,Migoli,
Iringa,Mufindi,Kiyowela,
Iringa,Mufindi,Makungu,
Iringa,Mufindi,Mninga,
Iringa,Mufindi,Kasanga,
Iringa,Mufindi,Igowole,
Iringa,Mufindi,Mtambula,
Iringa,Mufindi,Itandula,
Iringa,Mufindi,Mbalamaziwa,
Iringa,Mufindi,Idunda,
Iringa,Mufindi,Malangali,
Iringa,Mufindi,Nyololo,
Iringa,Mufindi,Ihowanza,
Iringa,Mufindi,Ikweha,
Iringa,Mufindi,Sadani,
Iringa,Mufindi,Igombavanu,
Iringa,Mufindi,Bumilayinga,
Iringa,Mufindi,Mtwango,
Iringa,Mufindi,Isalavanu,
Iringa,Mufindi,Rungemba,
Iringa,Mufindi,Ifwagi,
Iringa,Mufindi,Mdabulo,
Iringa,Mufindi,Ihalimba,
Iringa,Mufindi,Kibengu,
Iringa,Mufindi,Mapanda,
Iringa,Mufindi,Mpanga,
Iringa,Mufindi,Ihanu,
Iringa,Mufindi,Luhanga,
Iringa,Iringa Urban,Kihesa,
Iringa,Iringa Urban,Mtwivila,
Iringa,Iringa Urban,Gangilonga,
Iringa,Iringa Urban,Kitanzini,
Iringa,Iringa Urban,Ruaha,
Iringa,Iringa Urban,Mshindo,
Iringa,Iringa Urban,Mivinjeni,
Iringa,Iringa Urban,Mlandege,
Iringa,Iringa Urban,Mwangata,
Iringa,Iringa Urban,Kwakilosa,
Iringa,Iringa Urban,Makorongoni,
Iringa,Iringa Urban,Ilala,
Iringa,Iringa Urban,Mkwawa,
Iringa,Iringa Urban,Kitwiru,
Iringa,Iringa Urban,Isakalilo,
Iringa,Iringa Urban,Nduli,
Iringa,Kilolo,Image,
Iringa,Kilolo,Irole,
Iringa,Kilolo,Ilula,
Iringa,Kilolo,Uhambingeto,
Iringa,Kilolo,Udekwa,
Iringa,Kilolo,Mahenge,
Iringa,Kilolo,Mtitu,
Iringa,Kilolo,Dabaga,
Iringa,Kilolo,Ukumbi,
Iringa,Kilolo,Ukwega,
Iringa,Kilolo,Boma la Ng'ombe,
Iringa,Kilolo,Idete,
Iringa,Kilolo,Masisiwe,
Iringa,Kilolo,Ng'uruhe,
Iringa,Kilolo,Ng'ang'ange,
Iringa,Kilolo,Ihimbo,
Iringa,Kilolo,Lugalo,
Iringa,Kilolo,Nyalumbu,
Iringa,Kilolo,Mlafu,
Iringa,Kilolo,Ibumu,
Iringa,Kilolo,Ruaha Mbuyuni,
Iringa,Kilolo,Kimala,
Iringa,Mafinga Township Authority,Sao Hill,
Iringa,Mafinga Township Authority,Boma,
Iringa,Mafinga Township Authority,Kinyanambo,
Mbeya,Chunya,Kambikatoto,
Mbeya,Chunya,Mafyeko,
Mbeya,Chunya,Matwiga,
Mbeya,Chunya,Mtanila,
Mbeya,Chunya,Lupatingatinga,
Mbeya,Chunya,Luwalaje,
Mbeya,Chunya,Sangambi,
Mbeya,Chunya,Itewe,
Mbeya,Chunya,Chokaa,
Mbeya,Chunya,Mbugani,
Mbeya,Chunya,Chalangwa,
Mbeya,Chunya,Ifumbo,
Songwe,Songwe,Kanga,
Songwe,Songwe,Galula,
Songwe,Songwe,Mbuyuni,
Songwe,Songwe,Totowe,
Songwe,Songwe,Namkukwe,
Songwe,Songwe,Mkwajuni,
Songwe,Songwe,Mbangala,
Songwe,Songwe,Kapalala,
Songwe,Songwe,Gua,
Songwe,Songwe,Ngwala,
Mbeya,Chunya,Mamba,
Songwe,Songwe,Ifyenkenya,
Songwe,Songwe,Magamba,
Songwe,Songwe,Saza,
Songwe,Songwe,Mwambani,
Mbeya,Chunya,Mkola,
Mbeya,Chunya,Makongorosi,
Mbeya,Chunya,Matundasi,
Mbeya,Mbeya,Ihango,
Mbeya,Mbeya,Ulenje,
Mbeya,Mbeya,Tembela,
Mbeya,Mbeya,Ijombe,
Mbeya,Mbeya,Santilya,
Mbeya,Mbeya,Ilembo,
Mbeya,Mbeya,Iwiji,
Mbeya,Mbeya,Isuto,
Mbeya,Mbeya,Igale,
Mbeya,Mbeya,Iwindi,
Mbeya,Mbeya,Utengule Usongwe,
Mbeya,Mbeya,Mshewe,
Mbeya,Mbeya,Ikukwa,
Mbeya,Mbeya,Iyunga Mapinduzi,
Mbeya,Mbeya,Bonde la Songwe,
Mbeya,Mbeya,Inyala,
Mbeya,Mbeya,Ilungu,
Mbeya,Mbeya,Maendeleo,
Mbeya,Mbeya,Swaya,
Mbeya,Mbeya,Masoko,
Mbeya,Mbeya,Itawa,
Mbeya,Mbeya,Nsalala,
Mbeya,Mbeya,Lwanjiro,
Mbeya,Mbeya,Itewe,
Mbeya,Mbeya,Igoma,
Mbeya,Kyela,Lusungo,
Mbeya,Kyela,Makwale,
Mbeya,Kyela,Matema,
Mbeya,Kyela,Mwaya,
Mbeya,Kyela,Ndobo,
Mbeya,Kyela,Kajunjumele,
Mbeya,Kyela,Bujonde,
Mbeya,Kyela,Ikolo,
Mbeya,Kyela,Katumbasongwe,
Mbeya,Kyela,Ngana,
Mbeya,Kyela,Busale,
Mbeya,Kyela,Ipande,
Mbeya,Kyela,Ikama,
Mbeya,Kyela,Ipinda,
Mbeya,Kyela,Ngonga,
Mbeya,Kyela,Ikimba,
Mbeya,Kyela,Itope,
Mbeya,Kyela,Muungano,
Mbeya,Kyela,Talatala,
Mbeya,Kyela,Kyela,
Mbeya,Rungwe,Swaya,
Mbeya,Rungwe,Masebe,
Mbeya,Rungwe,Suma,
Mbeya,Rungwe,Kandete,
Mbeya,Rungwe,Luteba,
Mbeya,Rungwe,Mpombo,
Mbeya,Rungwe,Isange,
Mbeya,Rungwe,Kabula,
Mbeya,Rungwe,Lwangwa,
Mbeya,Rungwe,Lufilyo,
Mbeya,Rungwe,Itete,
Mbeya,Rungwe,Kisegese,
Mbeya,Rungwe,Lupata,
Mbeya,Rungwe,Kambasegela,
Mbeya,Rungwe,Masukulu,
Mbeya,Rungwe,Kisiba,
Mbeya,Rungwe,Masoko,
Mbeya,Rungwe,Bujela,
Mbeya,Rungwe,Ilima,
Mbeya,Rungwe,Kisondela,
Mbeya,Rungwe,Ikuti,
Mbeya,Rungwe,Malindo,
Mbeya,Rungwe,Mpuguso,
Mbeya,Rungwe,Kikole,
Mbeya,Rungwe,Lufingo,
Mbeya,Rungwe,Nkunga,
Mbeya,Rungwe,Kyimo,
Mbeya,Rungwe,Kinyala,
Mbeya,Rungwe,Kiwira,
Mbeya,Rungwe,Isongole,
Mbeya,Rungwe,Ikama,
Mbeya,Rungwe,Ibighi,
Mbeya,Rungwe,Bagamoyo,
Mbeya,Rungwe,Kawetele,
Mbeya,Rungwe,Bulyaga,
Mbeya,Rungwe,Msasani,
Mbeya,Rungwe,Makandana,
Songwe,Ileje,Itumba,
Songwe,Ileje,Itale,
Songwe,Ileje,Ibaba,
Songwe,Ileje,Ndola,
Songwe,Ileje,Luswisi,
Songwe,Ileje,Ngulilo,
Songwe,Ileje,Lubanda,
Songwe,Ileje,Ngulugulu,
Songwe,Ileje,Sange,
Songwe,Ileje,Ikinga,
Songwe,Ileje,Kafule,
Songwe,Ileje,Malangali,
Songwe,Ileje,Bupigu,
Songwe,Ileje,Isongole,
Songwe,Ileje,Chitete,
Songwe,Ileje,Mbebe,
Songwe,Ileje,Mlale,
Songwe,Ileje,Kalembo,
Songwe,Mbozi,Ihanda,
Songwe,Mbozi,Bara,
Songwe,Mbozi,Nanyala,
Songwe,Mbozi,Nambinzo,
Songwe,Mbozi,Itaka,
Songwe,Mbozi,Isansa,
Songwe,Mbozi,Ruanda,
Songwe,Mbozi,Iyula,
Songwe,Mbozi,Nyambili,
Songwe,Mbozi,Mlangali,
Songwe,Mbozi,Myovizi,
Songwe,Mbozi,Igamba,
Songwe,Mbozi,Halungu,
Songwe,Mbozi,Msia,
Songwe,Mbozi,Mlowo,
Songwe,Mbozi,Ipunga,
Songwe,Mbozi,Isandula,
Songwe,Mbozi,Vwawa,
Mbeya,Mbarali,Luhanga,
Mbeya,Mbarali,Madibira,
Mbeya,Mbarali,Mawindi,
Mbeya,Mbarali,Ihahi,
Mbeya,Mbarali,Mapogoro,
Mbeya,Mbarali,Chimala,
Mbeya,Mbarali,Utengule Usangu,
Mbeya,Mbarali,Ruiwa,
Mbeya,Mbarali,Mahongole,
Mbeya,Mbarali,Ubaruku,
Mbeya,Mbarali,Igurusi,
Mbeya,Mbarali,Kongolo,
Mbeya,Mbarali,Mwatenga,
Mbeya,Mbarali,Imalilosongwe,
Mbeya,Mbarali,Igava,
Mbeya,Mbarali,Ipwani,
Mbeya,Mbarali,Itambaleo,
Mbeya,Mbarali,Miyombweni,
Mbeya,Mbarali,Rujewa,
Mbeya,Mbeya Urban,Sisimba,
Mbeya,Mbeya Urban,Isanga,
Mbeya,Mbeya Urban,Iganzo,
Mbeya,Mbeya Urban,Mwansekwa,
Mbeya,Mbeya Urban,Itagano,
Mbeya,Mbeya Urban,Itezi,
Mbeya,Mbeya Urban,Nsalaga,
Mbeya,Mbeya Urban,Igawilo,
Mbeya,Mbeya Urban,Iganjo,
Mbeya,Mbeya Urban,Uyole,
Mbeya,Mbeya Urban,Iduda,
Mbeya,Mbeya Urban,Mwasanga,
Mbeya,Mbeya Urban,Tembela,
Mbeya,Mbeya Urban,Ilomba,
Mbeya,Mbeya Urban,Mwakibete,
Mbeya,Mbeya Urban,Ilemi,
Mbeya,Mbeya Urban,Isyesye,
Mbeya,Mbeya Urban,Ruanda,
Mbeya,Mbeya Urban,Iyela,
Mbeya,Mbeya Urban,Sinde,
Mbeya,Mbeya Urban,Maanga,
Mbeya,Mbeya Urban,Mbalizi RD,
Mbeya,Mbeya Urban,Forest,
Mbeya,Mbeya Urban,Mabatini,
Mbeya,Mbeya Urban,Nzovwe,
Mbeya,Mbeya Urban,Kalobe,
Mbeya,Mbeya Urban,Iyunga,
Mbeya,Mbeya Urban,Iwambi,
Mbeya,Mbeya Urban,Itende,
Mbeya,Mbeya Urban,Iziwa,
Mbeya,Mbeya Urban,Nsoho,
Mbeya,Mbeya Urban,Majengo,
Mbeya,Mbeya Urban,Ghana,
Mbeya,Mbeya Urban,Nonde,
Mbeya,Mbeya Urban,Itiji,
Mbeya,Mbeya Urban,Maendeleo,
Songwe,Momba,Chilulumo,
Songwe,Momba,Kamsamba,
Songwe,Momba,Ivuna,
Songwe,Momba,Mpapa,
Songwe,Momba,Mkulwe,
Songwe,Momba,Chitete,
Songwe,Momba,Msangano,
Songwe,Momba,Chiwezi,
Songwe,Momba,Nkangamo,
Songwe,Momba,Ndalembo,
Songwe,Momba,Kapele,
Songwe,Momba,Nzoka,
Songwe,Momba,Myunga,
Songwe,Tunduma,Tunduma,
Singida,Iramba,Urughu,
Singida,Iramba,Mtekente,
Singida,Iramba,Mtoa,
Singida,Iramba,Mgongo,
Singida,Iramba,Shelui,
Singida,Iramba,Ntwike,
Singida,Iramba,Tulya,
Singida,Iramba,Kidaru,
Singida,Iramba,Kisiriri,
Singida,Iramba,Kiomboi,
Singida,Iramba,Kinampanda,
Singida,Iramba,Ulemo,
Singida,Iramba,Kyengege,
Singida,Iramba,Ndago,
Singida,Iramba,Mbelekese,
Singida,Iramba,Kaselya,
Singida,Iramba,Ndulungu,
Singida,Singida,Mudida,
Singida,Singida,Makuro,
Singida,Singida,Ikhanoda,
Singida,Singida,Mwasauya,
Singida,Singida,Msange,
Singida,Singida,Maghojoa,
Singida,Singida,Itaja,
Singida,Singida,Ngimu,
Singida,Singida,Mughunga,
Singida,Singida,Mgori,
Singida,Singida,Mughamo,
Singida,Singida,Kinyagigi,
Singida,Singida,Merya,
Singida,Singida,Kinyeto,
Singida,Singida,Ntonge,
Singida,Singida,Ilongero,
Singida,Singida,Mrama,
Singida,Singida,Kijota,
Singida,Singida,Mtinko,
Singida,Singida,Ughandi,
Singida,Singida,Msisi,
Singida,Manyoni,Manyoni,
Singida,Manyoni,Solya,
Singida,Manyoni,Makuru,
Singida,Manyoni,Chikuyu,
Singida,Manyoni,Makanda,
Singida,Manyoni,Kintinku,
Singida,Manyoni,Mvumi,
Singida,Manyoni,Majiri,
Singida,Manyoni,Sasajila,
Singida,Manyoni,Idodyandole,
Singida,Manyoni,Chikola,
Singida,Manyoni,Heka,
Singida,Manyoni,Nkonko,
Singida,Manyoni,Sanza,
Singida,Manyoni,Isseke,
Singida,Manyoni,Rungwa,
Singida,Manyoni,Mgandu,
Singida,Manyoni,Itigi Mjini,
Singida,Manyoni,Ipande,
Singida,Manyoni,Sanjaranda,
Singida,Manyoni,Aghondi,
Singida,Manyoni,Mkwese,
Singida,Manyoni,Muhalala,
Singida,Manyoni,Saranda,
Singida,Manyoni,Makutupora,
Singida,Manyoni,Sasilo,
Singida,Manyoni,Mwamagembe,
Singida,Manyoni,Mitundu,
Singida,Manyoni,Kitaraka,
Singida,Manyoni,Itigi Majengo,
Singida,Singida Urban,Mtipa,
Singida,Singida Urban,Mughanga,
Singida,Singida Urban,Mitunduru,
Singida,Singida Urban,Majengo,
Singida,Singida Urban,Umyambwa,
Singida,Singida Urban,Mungu maji,
Singida,Singida Urban,Unyamikumbi,
Singida,Singida Urban,Mtamaa,
Singida,Singida Urban,Kindai,
Singida,Singida Urban,Ipembe,
Singida,Singida Urban,Utemini,
Singida,Singida Urban,Mwankoko,
Singida,Singida Urban,Mandewa,
Singida,Singida Urban,Minga,
Singida,Singida Urban,Misuna,
Singida,Singida Urban,Uhamaka,
Singida,Ikungi,Puma,
Singida,Ikungi,Kituntu,
Singida,Ikungi,Mungaa,
Singida,Ikungi,Siuyu,
Singida,Ikungi,Kikio,
Singida,Ikungi,Lighwa,
Singida,Ikungi,Misughaa,
Singida,Ikungi,Ntuntu,
Singida,Ikungi,Dung'unyi,
Singida,Ikungi,Mang'onyi,
Singida,Ikungi,Mkiwa,
Singida,Ikungi,Issuna,
Singida,Ikungi,Unyahati,
Singida,Ikungi,Ikungi,
Singida,Ikungi,Iglansoni,
Singida,Ikungi,Iseke,
Singida,Ikungi,Ihanja,
Singida,Ikungi,Minyughe,
Singida,Ikungi,Muhintiri,
Singida,Ikungi,Iyumbu,
Singida,Ikungi,Mgungira,
Singida,Ikungi,Mwaru,
Singida,Ikungi,Ighombwe,
Singida,Ikungi,Mtunduru,
Singida,Ikungi,Sepuka,
Singida,Ikungi,Irisya,
Singida,Mkalama,Mpambala,
Singida,Mkalama,Mwangeza,
Singida,Mkalama,Mwanga,
Singida,Mkalama,Nkinto,
Singida,Mkalama,Ibaga,
Singida,Mkalama,Gumanga,
Singida,Mkalama,Msingi,
Singida,Mkalama,Nduguti,
Singida,Mkalama,Ilunda,
Singida,Mkalama,Kinyangiri,
Singida,Mkalama,Iguguno,
Singida,Mkalama,Miganga,
Singida,Mkalama,Matongo,
Singida,Mkalama,Kikhonda,
Tabora,Nzega,Puge,
Tabora,Nzega,Nkiniziwa,
Tabora,Nzega,Budushi,
Tabora,Nzega,Mwakashanhala,
Tabora,Nzega,Tongi,
Tabora,Nzega,Mizibaziba,
Tabora,Nzega,Milambo Itobo,
Tabora,Nzega,Magengati,
Tabora,Nzega,Ndala,
Tabora,Nzega,Nzega Mjini,
Tabora,Nzega,Wela,
Tabora,Nzega,Mbogwe,
Tabora,Nzega,Miguwa,
Tabora,Nzega,Itilo,
Tabora,Nzega,Muhugi,
Tabora,Nzega,Utwigu,
Tabora,Nzega,Ijanija,
Tabora,Nzega,Nzegandogo,
Tabora,Nzega,Lusu,
Tabora,Nzega,Nata,
Tabora,Nzega,Isanzu,
Tabora,Nzega,Itobo,
Tabora,Nzega,Mwangoye,
Tabora,Nzega,Sigili,
Tabora,Nzega,Mwamala,
Tabora,Nzega,Igusule,
Tabora,Nzega,Shigamba,
Tabora,Nzega,Kasela,
Tabora,Nzega,Karitu,
Tabora,Nzega,Bukene,
Tabora,Nzega,Mogwa,
Tabora,Nzega,Mambali,
Tabora,Nzega,Kahamanhalanga,
Tabora,Nzega,Uduka,
Tabora,Nzega,Semembela,
Tabora,Nzega,Isagenhe,
Tabora,Nzega,Ikindwa,
Tabora,Igunga,Igunga,
Tabora,Igunga,Itumba,
Tabora,Igunga,Bukoko,
Tabora,Igunga,Isakamaliwa,
Tabora,Igunga,Nyandekwa,
Tabora,Igunga,Nanga,
Tabora,Igunga,Nguvumoja,
Tabora,Igunga,Mbutu,
Tabora,Igunga,Kining'inila,
Tabora,Igunga,Igurubi,
Tabora,Igunga,Mwamashimba,
Tabora,Igunga,Kinungu,
Tabora,Igunga,Ntobo,
Tabora,Igunga,Itunduru,
Tabora,Igunga,Mwamashiga,
Tabora,Igunga,Choma,
Tabora,Igunga,Mwashiku,
Tabora,Igunga,Ziba,
Tabora,Igunga,Ndembezi,
Tabora,Igunga,Nkinga,
Tabora,Igunga,Ngulu,
Tabora,Igunga,Simbo,
Tabora,Igunga,Igowero,
Tabora,Igunga,Mwisi,
Tabora,Igunga,Chabutwa,
Tabora,Igunga,Sungwizi,
Tabora,Uyui,Lutende,
Tabora,Uyui,Kizengi,
Tabora,Uyui,Goweko,
Tabora,Uyui,Igalula,
Tabora,Uyui,Ilolanguru,
Tabora,Uyui,Mabama,
Tabora,Uyui,Ndono,
Tabora,Uyui,Ufuluma,
Tabora,Uyui,Usagari,
Tabora,Uyui,Ibiri,
Tabora,Uyui,Bukumbi,
Tabora,Uyui,Ikongolo,
Tabora,Uyui,Upuge,
Tabora,Uyui,Magiri,
Tabora,Uyui,Isikizya,
Tabora,Uyui,Shitage,
Tabora,Uyui,Loya,
Tabora,Uyui,Miswaki,
Tabora,Uyui,Tura,
Tabora,Uyui,Nsololo,
Tabora,Uyui,Kigwa,
Tabora,Uyui,Miyenze,
Tabora,Uyui,Nsimbo,
Tabora,Uyui,Ibelamilundi,
Tabora,Urambo,Kapilula,
Tabora,Urambo,Urambo,
Tabora,Urambo,Vumilia,
Tabora,Urambo,Muungano,
Tabora,Urambo,Songambele,
Tabora,Urambo,Uyogo,
Tabora,Urambo,Kiloleni,
Tabora,Urambo,Ussoke,
Tabora,Urambo,Uyumbu,
Tabora,Urambo,Ugalla,
Tabora,Urambo,Usisya,
Tabora,Urambo,Utundu,
Tabora,Urambo,Kasisi,
Tabora,Urambo,Imalamakoye,
Tabora,Urambo,Nsenda,
Tabora,Urambo,Ukondamoyo,
Tabora,Sikonge,Tutuo,
Tabora,Sikonge,Chabutwa,
Tabora,Sikonge,Kaloleli,
Tabora,Sikonge,Kipanga,
Tabora,Sikonge,Sikonge,
Tabora,Sikonge,Kitunda,
Tabora,Sikonge,Kiloli,
Tabora,Sikonge,Kipili,
Tabora,Sikonge,Pangale,
Tabora,Sikonge,Ipole,
Tabora,Sikonge,Ngoywa,
Tabora,Sikonge,Kisanga,
Tabora,Sikonge,Misheni,
Tabora,Sikonge,Mole,
Tabora,Sikonge,Mpombwe,
Tabora,Sikonge,Usunga,
Tabora,Tabora Urban,Kanyenye,
Tabora,Tabora Urban,Gongoni,
Tabora,Tabora Urban,Mbugani,
Tabora,Tabora Urban,Chemchem,
Tabora,Tabora Urban,Tambukareli,
Tabora,Tabora Urban,Kiloleni,
Tabora,Tabora Urban,Mtendeni,
Tabora,Tabora Urban,Isevya,
Tabora,Tabora Urban,Ipuli,
Tabora,Tabora Urban,Cheyo,
Tabora,Tabora Urban,Kitete,
Tabora,Tabora Urban,Ng`ambo,
Tabora,Tabora Urban,Malolo,
Tabora,Tabora Urban,Kakola,
Tabora,Tabora Urban,Uyui,
Tabora,Tabora Urban,Itonjanda,
Tabora,Tabora Urban,Ndevelwa,
Tabora,Tabora Urban,Itetemia,
Tabora,Tabora Urban,Tumbi,
Tabora,Tabora Urban,Kalunde,
Tabora,Tabora Urban,Misha,
Tabora,Tabora Urban,Kabila,
Tabora,Tabora Urban,Ikomwa,
Tabora,Tabora Urban,Ifucha,
Tabora,Tabora Urban,Ntalikwa,
Tabora,Kaliua,Ukumbi Siganga,
Tabora,Kaliua,Zugimlole,
Tabora,Kaliua,Ushokola,
Tabora,Kaliua,Ugunga,
Tabora,Kaliua,Kaliua,
Tabora,Kaliua,Usinge,
Tabora,Kaliua,Igagala,
Tabora,Kaliua,Kamsekwa,
Tabora,Kaliua,Kazaroho,
Tabora,Kaliua,Igwisi,
Tabora,Kaliua,Uyowa,
Tabora,Kaliua,Silambo,
Tabora,Kaliua,Kashishi,
Tabora,Kaliua,Sasu,
Tabora,Kaliua,Seleli,
Tabora,Kaliua,Ichemba,
Tabora,Kaliua,Mwongozo,
Tabora,Kaliua,Kanoge,
Tabora,Kaliua,Kanindo,
Tabora,Kaliua,Milambo,
Tabora,Kaliua,Igombe Mkulu,
Rukwa,Kalambo,Kasanga,
Rukwa,Kalambo,Mkowe,
Rukwa,Kalambo,Msanzi,
Rukwa,Kalambo,Matai,
Rukwa,Kalambo,Sopa,
Rukwa,Kalambo,Mwazye,
Rukwa,Kalambo,Katazi,
Rukwa,Kalambo,Mwimbi,
Rukwa,Kalambo,Mabwekenya,
Rukwa,Kalambo,Mwembenkoswe,
Rukwa,Kalambo,Legeza Mwendo,
Rukwa,Kalambo,Ulumi,
Rukwa,Kalambo,Mnamba,
Rukwa,Kalambo,Katete,
Rukwa,Kalambo,Kisumba,
Rukwa,Kalambo,Mkali,
Rukwa,Kalambo,Kilesha,
Rukwa,Sumbawanga,Mfinga,
Rukwa,Sumbawanga,Laela,
Rukwa,Sumbawanga,Muze,
Rukwa,Sumbawanga,Mtowisa,
Rukwa,Sumbawanga,Milepa,
Rukwa,Sumbawanga,Sandulula,
Rukwa,Sumbawanga,Kaengesa,
Rukwa,Sumbawanga,Mpui,
Rukwa,Sumbawanga,Msanda Muungano,
Rukwa,Sumbawanga,Ilemba,
Rukwa,Sumbawanga,Kipeta,
Rukwa,Sumbawanga,Kaoze,
Rukwa,Sumbawanga,Miangalua,
Rukwa,Sumbawanga,Kalambanzite,
Rukwa,Sumbawanga,Lusaka,
Rukwa,Nkasi,Korongwe,
Rukwa,Nkasi,Mtenga,
Rukwa,Nkasi,Mkwamba,
Rukwa,Nkasi,Chala,
Rukwa,Nkasi,Kipande,
Rukwa,Nkasi,Isale,
Rukwa,Nkasi,Kate,
Rukwa,Nkasi,Sintali,
Rukwa,Nkasi,Kala,
Rukwa,Nkasi,Wampembe,
Rukwa,Nkasi,Ninde,
Rukwa,Nkasi,Kirando,
Rukwa,Nkasi,Kabwe,
Rukwa,Nkasi,Kipili,
Rukwa,Nkasi,Nkandasi,
Rukwa,Nkasi,Namanyere,
Rukwa,Nkasi,Nkomolo,
Rukwa,Sumbawanga Urban,Malangali,
Rukwa,Sumbawanga Urban,Mazwi,
Rukwa,Sumbawanga Urban,Izia,
Rukwa,Sumbawanga Urban,Katandala,
Rukwa,Sumbawanga Urban,Old Sumbawanga,
Rukwa,Sumbawanga Urban,Kizwite,
Rukwa,Sumbawanga Urban,Ntendo,
Rukwa,Sumbawanga Urban,Senga,
Rukwa,Sumbawanga Urban,Mollo,
Rukwa,Sumbawanga Urban,Pito,
Rukwa,Sumbawanga Urban,Milanzi,
Rukwa,Sumbawanga Urban,Matanga,
Rukwa,Sumbawanga Urban,Kasense,
Rukwa,Sumbawanga Urban,Majengo,
Rukwa,Sumbawanga Urban,Chanji,
Kigoma,Kibondo,Misezero,
Kigoma,Kibondo,Bitare,
Kigoma,Kibondo,Kibondo,
Kigoma,Kibondo,Murungu,
Kigoma,Kibondo,Busagara,
Kigoma,Kibondo,Rugongwe,
Kigoma,Kibondo,Busunzu,
Kigoma,Kibondo,Kumsenga,
Kigoma,Kibondo,Kizazi,
Kigoma,Kibondo,Mabamba,
Kigoma,Kibondo,Bunyambo,
Kigoma,Kibondo,Itaba,
Kigoma,Kibondo,Kitahana,
Kigoma,Kasulu,Kitanga,
Kigoma,Kasulu,Heru Shingo,
Kigoma,Kasulu,Nyamidaho,
Kigoma,Kasulu,Kitagata,
Kigoma,Kasulu,Nyachenda,
Kigoma,Kasulu,Buhoro,
Kigoma,Kasulu,Nyamnyusi,
Kigoma,Kasulu,Nyakitonto,
Kigoma,Kasulu,Kagerankanda,
Kigoma,Kasulu,Kurugongo,
Kigoma,Kasulu,Rungwe Mpya,
Kigoma,Kasulu,Asante Nyerere,
Kigoma,Kasulu,Titye,
Kigoma,Kasulu,Shunguliba,
Kigoma,Kasulu,Muzye,
Kigoma,Kasulu,Bugaga,
Kigoma,Kasulu,Kigembe,
Kigoma,Kasulu,Rusesa,
Kigoma,Kasulu,Kwaga,
Kigoma,Kigoma,Kagunga,
Kigoma,Kigoma,Mkigo,
Kigoma,Kigoma,Mwamgongo,
Kigoma,Kigoma,Kalinzi,
Kigoma,Kigoma,Bitale,
Kigoma,Kigoma,Mkongoro,
Kigoma,Kigoma,Mahembe,
Kigoma,Kigoma,Matendo,
Kigoma,Kigoma,Mungonya,
Kigoma,Kigoma,Kagongo,
Kigoma,Kigoma,Mwandiga,
Kigoma,Kigoma Urban,Gungu,
Kigoma,Kigoma Urban,Kibirizi,
Kigoma,Kigoma Urban,Buhanda,
Kigoma,Kigoma Urban,Businde,
Kigoma,Kigoma Urban,Machinjioni,
Kigoma,Kigoma Urban,Kagera,
Kigoma,Kigoma Urban,Kasimbu,
Kigoma,Kigoma Urban,Rubuga,
Kigoma,Kigoma Urban,Kasingirima,
Kigoma,Kigoma Urban,Majengo,
Kigoma,Kigoma Urban,Kitongoni,
Kigoma,Kigoma Urban,Kipampa,
Kigoma,Kigoma Urban,Rusimbi,
Kigoma,Kigoma Urban,Buzebazeba,
Kigoma,Kigoma Urban,Mwanga Kusini,
Kigoma,Kigoma Urban,Kigoma,
Kigoma,Kigoma Urban,Bangwe,
Kigoma,Kigoma Urban,Mwanga Kaskazini,
Kigoma,Kigoma Urban,Katubuka,
Kigoma,Uvinza,Kalya,
Kigoma,Uvinza,Buhingu,
Kigoma,Uvinza,Igalula,
Kigoma,Uvinza,Sigunga,
Kigoma,Uvinza,Sunuka,
Kigoma,Uvinza,Ilagala,
Kigoma,Uvinza,Simbo,
Kigoma,Uvinza,Kandaga,
Kigoma,Uvinza,Kazuramimba,
Kigoma,Uvinza,Uvinza,
Kigoma,Uvinza,Mganza,
Kigoma,Uvinza,Mtego wa Noti,
Kigoma,Uvinza,Nguruka,
Kigoma,Uvinza,Itebula,
Kigoma,Buhigwe,Nyamugali,
Kigoma,Buhigwe,Biharu,
Kigoma,Buhigwe,Muyama,
Kigoma,Buhigwe,Kajana,
Kigoma,Buhigwe,Mugera,
Kigoma,Buhigwe,Kilelema,
Kigoma,Buhigwe,Munyegera,
Kigoma,Buhigwe,Buhigwe,
Kigoma,Buhigwe,Kibande,
Kigoma,Buhigwe,Janda,
Kigoma,Buhigwe,Munzeze,
Kigoma,Buhigwe,Rusaba,
Kigoma,Buhigwe,Muhinda,
Kigoma,Buhigwe,Munanila,
Kigoma,Buhigwe,Mwayaya,
Kigoma,Kakonko,Nyabibuye,
Kigoma,Kakonko,Nyamtukuza,
Kigoma,Kakonko,Muhange,
Kigoma,Kakonko,Kasunga,
Kigoma,Kakonko,Kakonko,
Kigoma,Kakonko,Kiziguzigu,
Kigoma,Kakonko,Rugenge,
Kigoma,Kakonko,Kasanda,
Kigoma,Kakonko,Gwamumpu,
Kigoma,Kakonko,Katanga,
Kigoma,Kakonko,Mugunzu,
Kigoma,Kasulu Township Authority,Muganza,
Kigoma,Kasulu Township Authority,Kigondo,
Kigoma,Kasulu Township Authority,Msambara,
Kigoma,Kasulu Township Authority,Ruhita,
Kigoma,Kasulu Township Authority,Nyumbigwa,
Kigoma,Kasulu Township Authority,Murufiti,
Kigoma,Kasulu Township Authority,Nyansha,
Kigoma,Kasulu Township Authority,Kasulu Mjini,
Kigoma,Kasulu Township Authority,Muhunga,
Shinyanga,Shinyanga Urban,Mwamalili,
Shinyanga,Shinyanga Urban,Kolandoto,
Shinyanga,Shinyanga Urban,Ngokolo,
Shinyanga,Shinyanga Urban,Ibadakuli,
Shinyanga,Shinyanga Urban,Shinyanga Mjini,
Shinyanga,Shinyanga Urban,Chamaguha,
Shinyanga,Shinyanga Urban,Ibinzamata,
Shinyanga,Shinyanga Urban,Kitangili,
Shinyanga,Shinyanga Urban,Kizumbi,
Shinyanga,Shinyanga Urban,Mwawaza,
Shinyanga,Shinyanga Urban,Ndala,
Shinyanga,Shinyanga Urban,Kambarage,
Shinyanga,Shinyanga Urban,Chibe,
Shinyanga,Shinyanga Urban,Lubaga,
Shinyanga,Shinyanga Urban,Ndembezi,
Shinyanga,Shinyanga Urban,Masekelo,
Shinyanga,Shinyanga Urban,Old Shinyanga,
Shinyanga,Kishapu,Bunambiyu,
Shinyanga,Kishapu,Bubiki,
Shinyanga,Kishapu,Songwa,
Shinyanga,Kishapu,Seke Bugoro,
Shinyanga,Kishapu,Mondo,
Shinyanga,Kishapu,Mwadui Lohumbo,
Shinyanga,Kishapu,Uchunga,
Shinyanga,Kishapu,Kishapu,
Shinyanga,Kishapu,Mwakipoya,
Shinyanga,Kishapu,Shagihilu,
Shinyanga,Kishapu,Somagedi,
Shinyanga,Kishapu,Mwamalasa,
Shinyanga,Kishapu,Masanga,
Shinyanga,Kishapu,Lagana,
Shinyanga,Kishapu,Mwamashele,
Shinyanga,Kishapu,Ngofila,
Shinyanga,Kishapu,Kiloleli,
Shinyanga,Kishapu,Ukenyenge,
Shinyanga,Kishapu,Talaga,
Shinyanga,Kishapu,Itilima,
Shinyanga,Shinyanga,Imesela,
Shinyanga,Shinyanga,Usule,
Shinyanga,Shinyanga,Ilola,
Shinyanga,Shinyanga,Didia,
Shinyanga,Shinyanga,Itwangi,
Shinyanga,Shinyanga,Tinde,
Shinyanga,Shinyanga,Mwakitolyoo,
Shinyanga,Shinyanga,Salawe,
Shinyanga,Shinyanga,Solwa,
Shinyanga,Shinyanga,Iselamagazi,
Shinyanga,Shinyanga,Lyabukande,
Shinyanga,Shinyanga,Mwantini,
Shinyanga,Shinyanga,Pandagichiza,
Shinyanga,Shinyanga,Mwamala,
Shinyanga,Shinyanga,Samuye,
Shinyanga,Shinyanga,Usanda,
Shinyanga,Shinyanga,Puni,
Shinyanga,Shinyanga,Nyida,
Shinyanga,Shinyanga,Nsalala,
Shinyanga,Shinyanga,Bukene,
Shinyanga,Shinyanga,Masengwa,
Shinyanga,Shinyanga,Mwenge,
Shinyanga,Shinyanga,Lyabusalu,
Shinyanga,Shinyanga,Mwalukwa,
Shinyanga,Shinyanga,Nyamalogo,
Shinyanga,Shinyanga,Lyamidati,
Shinyanga,Kahama,Bulyanhulu,
Shinyanga,Kahama,Bugarama,
Shinyanga,Kahama,Lunguya,
Shinyanga,Kahama,Shilela,
Shinyanga,Kahama,Segese,
Shinyanga,Kahama,Mega,
Shinyanga,Kahama,Chela,
Shinyanga,Kahama,Busangi,
Shinyanga,Kahama,Ntobo,
Shinyanga,Kahama,Ngaya,
Shinyanga,Kahama,Bulige,
Shinyanga,Kahama,Kashishi,
Shinyanga,Kahama,Mwanase,
Shinyanga,Kahama,Mwalugulu,
Shinyanga,Kahama,Jana,
Shinyanga,Kahama,Isaka,
Shinyanga,Kahama,Chona,
Shinyanga,Kahama,Chambo,
Shinyanga,Kahama,Kisuke,
Shinyanga,Kahama,Mapamba,
Shinyanga,Kahama,Bukomela,
Shinyanga,Kahama,Ukune,
Shinyanga,Kahama,Igunda,
Shinyanga,Kahama,Kinamapula,
Shinyanga,Kahama,Igwamanoni,
Shinyanga,Kahama,Mpunze,
Shinyanga,Kahama,Sabasabini,
Shinyanga,Kahama,Idahina,
Shinyanga,Kahama,Bulungwa,
Shinyanga,Kahama,Nyankende,
Shinyanga,Kahama,Ulewe,
Shinyanga,Kahama,Ushetu,
Shinyanga,Kahama,Uyogo,
Shinyanga,Kahama,Ulowa,
Shinyanga,Kahama,Ubagwe,
Shinyanga,Kahama Township Authority,Ngogwa,
Shinyanga,Kahama Township Authority,Wendele,
Shinyanga,Kahama Township Authority,Kinaga,
Shinyanga,Kahama Township Authority,Isagehe,
Shinyanga,Kahama Township Authority,Mondo,
Shinyanga,Kahama Township Authority,Kagongwa,
Shinyanga,Kahama Township Authority,Nyahanga,
Shinyanga,Kahama Township Authority,Malunga,
Shinyanga,Kahama Township Authority,Mhongolo,
Shinyanga,Kahama Township Authority,Mwendakulima,
Shinyanga,Kahama Township Authority,Zongomera,
Shinyanga,Kahama Township Authority,Mhungula,
Shinyanga,Kahama Township Authority,Nyihogo,
Shinyanga,Kahama Township Authority,Nyasubi,
Shinyanga,Kahama Township Authority,Kahama Mjini,
Shinyanga,Kahama Township Authority,Majengo,
Shinyanga,Kahama Township Authority,Busoka,
Shinyanga,Kahama Township Authority,Kilago,
Shinyanga,Kahama Township Authority,Iyenze,
Shinyanga,Kahama Township Authority,Nyandekwa,
Kagera,Karagwe,Igurwa,
Kagera,Karagwe,Kanoni,
Kagera,Karagwe,Kihanga,
Kagera,Karagwe,Kituntu,
Kagera,Karagwe,Chanika,
Kagera,Karagwe,Kayanga,
Kagera,Karagwe,Bugene,
Kagera,Karagwe,Ndama,
Kagera,Karagwe,Rugera,
Kagera,Karagwe,Ihembe,
Kagera,Karagwe,Nyaishozi,
Kagera,Karagwe,Rugu,
Kagera,Karagwe,Nyakasimbi,
Kagera,Karagwe,Nyakakika,
Kagera,Karagwe,Nyakabanga,
Kagera,Karagwe,Bweranyange,
Kagera,Karagwe,Kibondo,
Kagera,Karagwe,Nyabiyonza,
Kagera,Karagwe,Kiruruma,
Kagera,Karagwe,Nyakahanga,
Kagera,Karagwe,Ihanda,
Kagera,Karagwe,Chonyonyo,
Kagera,Bukoba,Rubafu,
Kagera,Bukoba,Kishanje,
Kagera,Bukoba,Kaagya,
Kagera,Bukoba,Buhendangabo,
Kagera,Bukoba,Nyakato,
Kagera,Bukoba,Katoma,
Kagera,Bukoba,Karabagaine,
Kagera,Bukoba,Bujugo,
Kagera,Bukoba,Maruku,
Kagera,Bukoba,Kanyangereko,
Kagera,Bukoba,Katerero,
Kagera,Bukoba,Kemondo,
Kagera,Bukoba,Nyakibimbili,
Kagera,Bukoba,Ibwera,
Kagera,Bukoba,Mikoni,
Kagera,Bukoba,Butelankuzi,
Kagera,Bukoba,Rubale,
Kagera,Bukoba,Rukoma,
Kagera,Bukoba,Kikomero,
Kagera,Bukoba,Kibirizi,
Kagera,Bukoba,Izimbya,
Kagera,Bukoba,Butulage,
Kagera,Bukoba,Ruhunga,
Kagera,Bukoba,Mugajwale,
Kagera,Bukoba,Kyamulaile,
Kagera,Bukoba,Katoro,
Kagera,Bukoba,Kaibanja,
Kagera,Bukoba,Kasharu,
Kagera,Bukoba,Kishogo,
Kagera,Muleba,Muhutwe,
Kagera,Muleba,Mayondwe,
Kagera,Muleba,Goziba,
Kagera,Muleba,Kerebe,
Kagera,Muleba,Bumbire,
Kagera,Muleba,Ikuza,
Kagera,Muleba,Izigo,
Kagera,Muleba,Katoke,
Kagera,Muleba,Kagoma,
Kagera,Muleba,Kikuku,
Kagera,Muleba,Bureza,
Kagera,Muleba,Muleba,
Kagera,Muleba,Ikondo,
Kagera,Muleba,Buhangaza,
Kagera,Muleba,Mazinga,
Kagera,Muleba,Magata (Karutanga),
Kagera,Muleba,Gwanseli,
Kagera,Muleba,Kibanga,
Kagera,Muleba,Kasharunga,
Kagera,Muleba,Rulanda,
Kagera,Muleba,Kimwani,
Kagera,Muleba,Nyakabango,
Kagera,Muleba,Kyebitembe,
Kagera,Muleba,Karambi,
Kagera,Muleba,Mubunda,
Kagera,Muleba,Bisheke,
Kagera,Muleba,Burungura,
Kagera,Muleba,Biirabo,
Kagera,Muleba,Mushabago,
Kagera,Muleba,Nyakatanga,
Kagera,Muleba,Ngenge,
Kagera,Muleba,Rutoro,
Kagera,Muleba,Kabirizi,
Kagera,Muleba,Nshamba,
Kagera,Muleba,Kashasha,
Kagera,Muleba,Ijumbi,
Kagera,Muleba,Kishanda,
Kagera,Muleba,Buganguzi,
Kagera,Muleba,Ibuga,
Kagera,Muleba,Bulyakashaju,
Kagera,Muleba,Kamachumu,
Kagera,Muleba,Ruhanga,
Kagera,Muleba,Mafumbo,
Kagera,Biharamulo,Nyakahura,
Kagera,Biharamulo,Ruziba,
Kagera,Biharamulo,Biharamulo Mjini,
Kagera,Biharamulo,Bisibo,
Kagera,Biharamulo,Nyarubungo,
Kagera,Biharamulo,Nyamahanga,
Kagera,Biharamulo,Runazi,
Kagera,Biharamulo,Kabindi,
Kagera,Biharamulo,Nyamigogo,
Kagera,Biharamulo,Nyabusozi,
Kagera,Biharamulo,Nemba,
Kagera,Biharamulo,Lusahunga,
Kagera,Biharamulo,Kaniha,
Kagera,Biharamulo,Nyantakara,
Kagera,Biharamulo,Kalenge,
Kagera,Ngara,Rusumo,
Kagera,Ngara,Nyakisasa,
Kagera,Ngara,Rulenge,
Kagera,Ngara,Keza,
Kagera,Ngara,Murusagamba,
Kagera,Ngara,Muganza,
Kagera,Ngara,Bugarama,
Kagera,Ngara,Bukiriro,
Kagera,Ngara,Kabanga,
Kagera,Ngara,Mabawe,
Kagera,Ngara,Kanazi,
Kagera,Ngara,Mugoma,
Kagera,Ngara,Kirushya,
Kagera,Ngara,Ntobeye,
Kagera,Ngara,Nyamiyaga,
Kagera,Ngara,Ngara Mjini,
Kagera,Ngara,Kibimba,
Kagera,Ngara,Mbuba,
Kagera,Ngara,Murukulazo,
Kagera,Ngara,Kasulo,
Kagera,Bukoba Urban,Hamugembe,
Kagera,Bukoba Urban,Nshambya,
Kagera,Bukoba Urban,Buhemba,
Kagera,Bukoba Urban,Kahororo,
Kagera,Bukoba Urban,Kashai,
Kagera,Bukoba Urban,Miembeni,
Kagera,Bukoba Urban,Bilele,
Kagera,Bukoba Urban,Bakoba,
Kagera,Bukoba Urban,Ijuganyondo,
Kagera,Bukoba Urban,Kitendaguro,
Kagera,Bukoba Urban,Kibeta,
Kagera,Bukoba Urban,Kagondo,
Kagera,Bukoba Urban,Nyanga,
Kagera,Bukoba Urban,Rwamishenye,
Kagera,Missenyi,Kakunyu,
Kagera,Missenyi,Nsunga,
Kagera,Missenyi,Mutukula,
Kagera,Missenyi,Kassambya,
Kagera,Missenyi,Minziro,
Kagera,Missenyi,Ruzinga,
Kagera,Missenyi,Kashenye,
Kagera,Missenyi,Kanyigo,
Kagera,Missenyi,Ishunju,
Kagera,Missenyi,Buyango,
Kagera,Missenyi,Bwanjai,
Kagera,Missenyi,Ishozi,
Kagera,Missenyi,Gera,
Kagera,Missenyi,Bugandika,
Kagera,Missenyi,Kitobo,
Kagera,Missenyi,Bugorora,
Kagera,Missenyi,Kyaka,
Kagera,Missenyi,Mushasha,
Kagera,Missenyi,Kilimilil,
Kagera,Missenyi,Mabale,
Kagera,Kyerwa,Isingiro,
Kagera,Kyerwa,Kaisho,
Kagera,Kyerwa,Rutunguru,
Kagera,Kyerwa,Kibingo,
Kagera,Kyerwa,Murongo,
Kagera,Kyerwa,Bugomora,
Kagera,Kyerwa,Kibale,
Kagera,Kyerwa,Mabira,
Kagera,Kyerwa,Businde,
Kagera,Kyerwa,Kamuli,
Kagera,Kyerwa,Nyakatuntu,
Kagera,Kyerwa,Kimuli,
Kagera,Kyerwa,Kikukuru,
Kagera,Kyerwa,Rwabwere,
Kagera,Kyerwa,Nkwenda,
Kagera,Kyerwa,Rukuraijo,
Kagera,Kyerwa,Songambele,
Kagera,Kyerwa,Kyerwa,
Mwanza,Ukerewe,Nansio,
Mwanza,Ukerewe,Kagera,
Mwanza,Ukerewe,Nakatunguru,
Mwanza,Ukerewe,Kakerege,
Mwanza,Ukerewe,Bukongo,
Mwanza,Ukerewe,Nkilizya,
Mwanza,Ukerewe,Bukanda,
Mwanza,Ukerewe,Mukituntu,
Mwanza,Ukerewe,Igala,
Mwanza,Ukerewe,Bwiro,
Mwanza,Ukerewe,Muriti,
Mwanza,Ukerewe,Ilangala,
Mwanza,Ukerewe,Namilembe,
Mwanza,Ukerewe,Nduruma,
Mwanza,Ukerewe,Murutunguru,
Mwanza,Ukerewe,Kagunguli,
Mwanza,Ukerewe,Bukindo,
Mwanza,Ukerewe,Namagondo,
Mwanza,Ukerewe,Ngoma,
Mwanza,Ukerewe,Bwisya,
Mwanza,Ukerewe,Bukungu,
Mwanza,Ukerewe,Nyamanga,
Mwanza,Ukerewe,Bukiro,
Mwanza,Ukerewe,Irugwa,
Mwanza,Magu,Kisesa,
Mwanza,Magu,Bujashi,
Mwanza,Magu,Lutale,
Mwanza,Magu,Kongolo,
Mwanza,Magu,Nyanguge,
Mwanza,Magu,Kitongo Sim,
Mwanza,Magu,Mwamanga,
Mwanza,Magu,Kahangara,
Mwanza,Magu,Nyigogo,
Mwanza,Magu,Mwamabanza,
Mwanza,Magu,Sukuma,
Mwanza,Magu,Lubugu,
Mwanza,Magu,Ng'haya,
Mwanza,Magu,Nkungulu,
Mwanza,Magu,Jinjimili,
Mwanza,Magu,Shishani,
Mwanza,Magu,Magu Mjini,
Mwanza,Magu,Bukandwe,
Mwanza,Nyamagana,Mkuyuni,
Mwanza,Nyamagana,Igogo,
Mwanza,Nyamagana,Pamba,
Mwanza,Nyamagana,Nyamagana,
Mwanza,Nyamagana,Mirongo,
Mwanza,Nyamagana,Isamilo,
Mwanza,Nyamagana,Mbugani,
Mwanza,Nyamagana,Mahina,
Mwanza,Nyamagana,Igoma,
Mwanza,Nyamagana,Buhongwa,
Mwanza,Nyamagana,Mkolani,
Mwanza,Nyamagana,Butimba,
Mwanza,Kwimba,Walla,
Mwanza,Kwimba,Bungulwa,
Mwanza,Kwimba,Sumve,
Mwanza,Kwimba,Mantare,
Mwanza,Kwimba,Ngulla,
Mwanza,Kwimba,Mwabomba,
Mwanza,Kwimba,Mwagi,
Mwanza,Kwimba,Iseni,
Mwanza,Kwimba,Nyambiti,
Mwanza,Kwimba,Maligisu,
Mwanza,Kwimba,Mwandu,
Mwanza,Kwimba,Malya,
Mwanza,Kwimba,Lyoma,
Mwanza,Kwimba,Mwang'halanga,
Mwanza,Kwimba,Nyamilama,
Mwanza,Kwimba,Mwakilambiti,
Mwanza,Kwimba,Hungumalwa,
Mwanza,Kwimba,Mwamala,
Mwanza,Kwimba,Kikubiji,
Mwanza,Kwimba,Mhande,
Mwanza,Kwimba,Bupamwa,
Mwanza,Kwimba,Fukalo,
Mwanza,Kwimba,Ng'hundi,
Mwanza,Kwimba,Igongwa,
Mwanza,Kwimba,Ngudu,
Mwanza,Kwimba,Bugando,
Mwanza,Kwimba,Nkalalo,
Mwanza,Kwimba,Mwankulwe,
Mwanza,Kwimba,Ilula,
Mwanza,Kwimba,Shilembo,
Mwanza,Sengerema,Ibisabageni,
Mwanza,Sengerema,Nyamazugo,
Mwanza,Sengerema,Chifumfu,
Mwanza,Sengerema,Katunguru,
Mwanza,Sengerema,Kasungamile,
Mwanza,Sengerema,Nyamatongo,
Mwanza,Sengerema,Tabaruka,
Mwanza,Sengerema,Busisi,
Mwanza,Sengerema,Buyagu,
Mwanza,Sengerema,Igalula,
Mwanza,Sengerema,Kagunga,
Mwanza,Sengerema,Sima,
Mwanza,Sengerema,Nyakasunga,
Mwanza,Sengerema,Kalebezo,
Mwanza,Sengerema,Nyehunge,
Mwanza,Sengerema,Kafunzo,
Mwanza,Sengerema,Bupandwa,
Mwanza,Sengerema,Katwe,
Mwanza,Sengerema,Maisome,
Mwanza,Sengerema,Kazunzu,
Mwanza,Sengerema,Lugata,
Mwanza,Sengerema,Nyakaliro,
Mwanza,Sengerema,Nyakasasa,
Mwanza,Sengerema,Buzilasoga,
Mwanza,Sengerema,Nyanzenda,
Mwanza,Sengerema,Bulyaheke,
Mwanza,Sengerema,Irenza,
Mwanza,Sengerema,Kasenyi,
Mwanza,Sengerema,Mwambului,
Mwanza,Sengerema,Nyatukala,
Mwanza,Sengerema,Nyampulukano,
Mwanza,Sengerema,Nyampande,
Mwanza,Sengerema,Kishinda,
Mwanza,Sengerema,Igulumuki,
Mwanza,Ilemela,Buswelu,
Mwanza,Ilemela,Nyakato,
Mwanza,Ilemela,Nyamanoro,
Mwanza,Ilemela,Kirumba,
Mwanza,Ilemela,Kitangiri,
Mwanza,Ilemela,Pasiansi,
Mwanza,Ilemela,Ilemela,
Mwanza,Ilemela,Bugogwa,
Mwanza,Ilemela,Sangabuye,
Mwanza,Misungwi,Bulemeji,
Mwanza,Misungwi,Idetemya,
Mwanza,Misungwi,Usagara,
Mwanza,Misungwi,Ukiriguru,
Mwanza,Misungwi,Kanyelele,
Mwanza,Misungwi,Koromije,
Mwanza,Misungwi,Igokelo,
Mwanza,Misungwi,Mwaniko,
Mwanza,Misungwi,Misungwi,
Mwanza,Misungwi,Masasi,
Mwanza,Misungwi,Kijima,
Mwanza,Misungwi,Shilalo,
Mwanza,Misungwi,Buhingo,
Mwanza,Misungwi,Busongo,
Mwanza,Misungwi,Nhundulu,
Mwanza,Misungwi,Lubili,
Mwanza,Misungwi,Ilujamate,
Mwanza,Misungwi,Mbarika,
Mwanza,Misungwi,Sumbugu,
Mwanza,Misungwi,Kasololo,
Mwanza,Misungwi,Ilalambogo,
Mwanza,Misungwi,Isesa,
Mwanza,Misungwi,Gulumungu,
Mwanza,Misungwi,Mabuki,
Mwanza,Misungwi,Mondo,
Mwanza,Misungwi,Mamaye,
Mwanza,Misungwi,Fella,
Mara,Tarime,Susuni,
Mara,Tarime,Mwema,
Mara,Tarime,Sirari,
Mara,Tarime,Pemba,
Mara,Tarime,Nyakonga,
Mara,Tarime,Nyarero,
Mara,Tarime,Nyamwaga,
Mara,Tarime,Muriba,
Mara,Tarime,Nyanungu,
Mara,Tarime,Gorong'a,
Mara,Tarime,Nyarokoba,
Mara,Tarime,Kemambo,
Mara,Tarime,Kibasuka,
Mara,Tarime,Binagi,
Mara,Tarime,Turwa,
Mara,Tarime,Bomani,
Mara,Tarime,Nyandoto,
Mara,Tarime,Matongo,
Mara,Tarime,Manga,
Mara,Tarime,Bumera,
Mara,Tarime,Komaswa,
Mara,Tarime,Kiore,
Mara,Tarime,Sabasaba,
Mara,Tarime,Nyamisangura,
Mara,Tarime,Kentare,
Mara,Tarime,Nyamaranga,
Mara,Tarime,Mbogi,
Mara,Tarime,Genyange,
Mara,Tarime,Nyansicha,
Mara,Tarime,Itiryo,
Mara,Serengeti,Kenyamonta,
Mara,Serengeti,Busawe,
Mara,Serengeti,Kisaka,
Mara,Serengeti,Kebanchabancha,
Mara,Serengeti,Ring'wani,
Mara,Serengeti,Rung'abure,
Mara,Serengeti,Machochwe,
Mara,Serengeti,Kisangura,
Mara,Serengeti,Mugumu,
Mara,Serengeti,Ikoma,
Mara,Serengeti,Natta,
Mara,Serengeti,Issenye,
Mara,Serengeti,Rigicha,
Mara,Serengeti,Nyambureti,
Mara,Serengeti,Nyamoko,
Mara,Serengeti,Manchira,
Mara,Serengeti,Kyambahi,
Mara,Serengeti,Nyamatare,
Mara,Serengeti,Majimoto,
Mara,Serengeti,Magange,
Mara,Serengeti,Nyansurura,
Mara,Serengeti,Mosongo,
Mara,Serengeti,Sedeco,
Mara,Serengeti,Mbalibali,
Mara,Serengeti,Stendi Kuu,
Mara,Serengeti,Geitasamo,
Mara,Serengeti,Morotonga,
Mara,Serengeti,Uwanja wa Ndege,
Mara,Musoma,Bukumi,
Mara,Musoma,Makojo,
Mara,Musoma,Bwasi,
Mara,Musoma,Bulinga,
Mara,Musoma,Bukima,
Mara,Musoma,Murangi,
Mara,Musoma,Bugwema,
Mara,Musoma,Nyamrandirira,
Mara,Musoma,Nyambono,
Mara,Musoma,Suguti,
Mara,Musoma,Tegeruka,
Mara,Musoma,Kiriba,
Mara,Musoma,Busambara,
Mara,Musoma,Mugango,
Mara,Bunda,Nyamuswa,
Mara,Bunda,Salama,
Mara,Bunda,Mihingo,
Mara,Bunda,Mugeta,
Mara,Bunda,Hunyari,
Mara,Bunda,Mcharo,
Mara,Bunda,Sazira,
Mara,Bunda,Kunzugu,
Mara,Bunda,Bunda Mjini,
Mara,Bunda,Guta,
Mara,Bunda,Butimba,
Mara,Bunda,Neruma,
Mara,Bunda,Kibara,
Mara,Bunda,Nansimo,
Mara,Bunda,Kisorya,
Mara,Bunda,Igundu,
Mara,Bunda,Iramba,
Mara,Bunda,Namhula,
Mara,Bunda,Wariku,
Mara,Bunda,Kabasa,
Mara,Bunda,Nampindi,
Mara,Bunda,Chitengule,
Mara,Bunda,Kasuguti,
Mara,Bunda,Balili,
Mara,Bunda,Bunda Stoo,
Mara,Bunda,Nyasura,
Mara,Bunda,Nyamang'uta,
Mara,Bunda,Ketare,
Mara,Rorya,Kigunga,
Mara,Rorya,Kirogo,
Mara,Rorya,Nyamtinga,
Mara,Rorya,Nyamagaro,
Mara,Rorya,Nyahongo,
Mara,Rorya,Mkoma,
Mara,Rorya,Tai,
Mara,Rorya,Bukura,
Mara,Rorya,Roche,
Mara,Rorya,Kitembe,
Mara,Rorya,Mirare,
Mara,Rorya,Goribe,
Mara,Rorya,Ikoma,
Mara,Rorya,Koryo,
Mara,Rorya,Bukwe,
Mara,Rorya,Nyathorogo,
Mara,Rorya,Rabour,
Mara,Rorya,Kisumwa,
Mara,Rorya,Komuge,
Mara,Rorya,Nyamunga,
Mara,Rorya,Kyang'ombe,
Mara,Butiam,Bwiregi,
Mara,Butiam,Buswahili,
Mara,Butiam,Nyamimange,
Mara,Butiam,Sirorisimba,
Mara,Butiam,Buhemba,
Mara,Butiam,Mirwa,
Mara,Butiam,Muriaza,
Mara,Butiam,Butiama,
Mara,Butiam,Masaba,
Mara,Butiam,Kyanyari,
Mara,Butiam,Kukirango,
Mara,Butiam,Buruma,
Mara,Butiam,Nyakatende,
Mara,Butiam,Etaro,
Mara,Butiam,Nyegina,
Mara,Butiam,Nyankanga,
Mara,Butiam,Bisumwa,
Mara,Butiam,Bukabwa,
Mara,Butiam,Butuguri,
Mara,Butiam,Busegwe,
Manyara,Babati,Magara,
Manyara,Babati,Nkaiti,
Manyara,Babati,Mwada,
Manyara,Babati,Mamire,
Manyara,Babati,Galapo,
Manyara,Babati,Qashi,
Manyara,Babati,Ayasanda,
Manyara,Babati,Gidas,
Manyara,Babati,Duru,
Manyara,Babati,Riroda,
Manyara,Babati,Arri,
Manyara,Babati,Dareda,
Manyara,Babati,Dabil,
Manyara,Babati,Ufana,
Manyara,Babati,Bashneti,
Manyara,Babati,Madunga,
Manyara,Babati,Kiru,
Manyara,Babati,Magugu,
Manyara,Hanang,Balagidalalu,
Manyara,Hanang,Gehandu,
Manyara,Hanang,Laghanga,
Manyara,Hanang,Getanuwas,
Manyara,Hanang,Hirbadaw,
Manyara,Hanang,Bassodesh,
Manyara,Hanang,Bassotu,
Manyara,Hanang,Gendabi,
Manyara,Hanang,Mogitu,
Manyara,Hanang,Giting,
Manyara,Hanang,Masakta,
Manyara,Hanang,Masqaroda,
Manyara,Hanang,Endasak,
Manyara,Hanang,Gidahababieg,
Manyara,Hanang,Maskron,
Manyara,Hanang,Hidet,
Manyara,Hanang,Simbay,
Manyara,Hanang,Sirop,
Manyara,Hanang,Gisambalang,
Manyara,Hanang,Nangwa,
Manyara,Hanang,Katesh,
Manyara,Hanang,Ganana,
Manyara,Hanang,Dirma,
Manyara,Hanang,Lalaji,
Manyara,Hanang,Endasiwold,
Manyara,Mbulu,Daudi,
Manyara,Mbulu,Bargish,
Manyara,Mbulu,Gehandu,
Manyara,Mbulu,Kainam,
Manyara,Mbulu,Murray,
Manyara,Mbulu,Ayamaami,
Manyara,Mbulu,Uhuru,
Manyara,Mbulu,Tlawi,
Manyara,Mbulu,Bashay,
Manyara,Mbulu,Dongobesh,
Manyara,Mbulu,Tumati,
Manyara,Mbulu,Maretadu,
Manyara,Mbulu,Maghang,
Manyara,Mbulu,Haydom,
Manyara,Mbulu,Yaeda Chini,
Manyara,Mbulu,Masieda,
Manyara,Mbulu,Marang,
Manyara,Mbulu,Gunyoda,
Manyara,Mbulu,Nahasey,
Manyara,Mbulu,Endamilay,
Manyara,Mbulu,Yaeda Ampa,
Manyara,Mbulu,Masqaroda,
Manyara,Mbulu,Nambisi,
Manyara,Mbulu,Dinamu,
Manyara,Mbulu,Ayamohe,
Manyara,Mbulu,Sanu Baray,
Manyara,Mbulu,Imboru,
Manyara,Mbulu,Endagikot,
Manyara,Mbulu,Geterer,
Manyara,Mbulu,Hayderer,
Manyara,Mbulu,Eshkesh,
Manyara,Mbulu,Gidihim,
Manyara,Simanjiro,Orkesmet,
Manyara,Simanjiro,Loiborsiret,
Manyara,Simanjiro,Emboreet,
Manyara,Simanjiro,Terrat,
Manyara,Simanjiro,Oljoro No. 5,
Manyara,Simanjiro,Shambarai,
Manyara,Simanjiro,Mererani,
Manyara,Simanjiro,Msitu wa Tembo,
Manyara,Simanjiro,Ngorika,
Manyara,Simanjiro,Liborsoit,
Manyara,Simanjiro,Ruvu Remiti,
Manyara,Simanjiro,Komolo,
Manyara,Simanjiro,Naisinyai,
Manyara,Simanjiro,Endiantu,
Manyara,Kiteto,Kibaya,
Manyara,Kiteto,Partimbo,
Manyara,Kiteto,Makame,
Manyara,Kiteto,Ndedo,
Manyara,Kiteto,Kijungu,
Manyara,Kiteto,Lengatei,
Manyara,Kiteto,Sunya,
Manyara,Kiteto,Dongo,
Manyara,Kiteto,Songambele,
Manyara,Kiteto,Dosidosi,
Manyara,Kiteto,Engusero,
Manyara,Kiteto,Matui,
Manyara,Kiteto,Bwagamoyo,
Manyara,Kiteto,Loolera,
Manyara,Kiteto,Magungu,
Manyara,Kiteto,Namelock,
Manyara,Babati Urban,Babati,
Manyara,Babati Urban,Mutuka,
Manyara,Babati Urban,Nangara,
Manyara,Babati Urban,Singe,
Manyara,Babati Urban,Bonga,
Manyara,Babati Urban,Bagara,
Manyara,Babati Urban,Sigino,
Manyara,Babati Urban,Maisaka,
Njombe,Njombe Urban,Njombe Mjini,
Njombe,Njombe Urban,Mjimwema,
Njombe,Njombe Urban,Ramadhani,
Njombe,Njombe Urban,Yakobi,
Njombe,Njombe Urban,Kifanya,
Njombe,Njombe Urban,Ihanga,
Njombe,Njombe Urban,Iwungilo,
Njombe,Njombe Urban,Luponde,
Njombe,Njombe Urban,Matola,
Njombe,Njombe Urban,Makowo,
Njombe,Njombe Urban,Lugenge,
Njombe,Njombe Urban,Uwemba,
Njombe,Njombe Urban,Utalingolo,
Njombe,Wanging'ombe,Saja,
Njombe,Wanging'ombe,Kijombe,
Njombe,Wanging'ombe,Wanging'ombe,
Njombe,Wanging'ombe,Ilembula,
Njombe,Wanging'ombe,Uhambule,
Njombe,Wanging'ombe,Usuka,
Njombe,Wanging'ombe,Igwachanya,
Njombe,Wanging'ombe,Mdandu,
Njombe,Wanging'ombe,Igima,
Njombe,Wanging'ombe,Imalinyi,
Njombe,Wanging'ombe,Ulembwe,
Njombe,Wanging'ombe,Makoga,
Njombe,Wanging'ombe,Kipengere,
Njombe,Wanging'ombe,Igosi,
Njombe,Wanging'ombe,Wangama,
Njombe,Wanging'ombe,Kidugala,
Njombe,Wanging'ombe,Luduga,
Njombe,Makete,Lupalilo,
Njombe,Makete,Mang'oto,
Njombe,Makete,Iwawa,
Njombe,Makete,Lupila,
Njombe,Makete,Ukwama,
Njombe,Makete,Bulongwa,
Njombe,Makete,Kipagalo,
Njombe,Makete,Iniho,
Njombe,Makete,Ipelele,
Njombe,Makete,Kigulu,
Njombe,Makete,Matamba,
Njombe,Makete,Mlondwe,
Njombe,Makete,Kitulo,
Njombe,Makete,Ikuwo,
Njombe,Makete,Mfumbi,
Njombe,Makete,Ipepo,
Njombe,Makete,Mbalatse,
Njombe,Makete,Tandala,
Njombe,Makete,Luwumbu,
Njombe,Makete,Isapulano,
Njombe,Makete,Kigala,
Njombe,Makete,Itundu,
Njombe,Njombe,Mtwango,
Njombe,Njombe,Igongolo,
Njombe,Njombe,Kichiwa,
Njombe,Njombe,Ninga,
Njombe,Njombe,Ikuna,
Njombe,Njombe,Kidegembye,
Njombe,Njombe,Matembwe,
Njombe,Njombe,Lupembe,
Njombe,Njombe,Ikondo,
Njombe,Njombe,Mfriga,
Njombe,Njombe,Idamba,
Njombe,Ludewa,Lumbila,
Njombe,Ludewa,Kilondo,
Njombe,Ludewa,Mawengi,
Njombe,Ludewa,Lupanga,
Njombe,Ludewa,Mlangali,
Njombe,Ludewa,Milo,
Njombe,Ludewa,Lugarawa,
Njombe,Ludewa,Madope,
Njombe,Ludewa,Madilu,
Njombe,Ludewa,Mundindi,
Njombe,Ludewa,Mavanga,
Njombe,Ludewa,Ibumi,
Njombe,Ludewa,Nkomang'ombe,
Njombe,Ludewa,Luilo,
Njombe,Ludewa,Masasi,
Njombe,Ludewa,Manda,
Njombe,Ludewa,Iwela,
Njombe,Ludewa,Lupingu,
Njombe,Ludewa,Ludewa,
Njombe,Ludewa,Ludende,
Njombe,Ludewa,Luana,
Njombe,Ludewa,Makonde,
Njombe,Ludewa,Mkongobaki,
Njombe,Ludewa,Lifuma,
Njombe,Ludewa,Ruhuhu,
Njombe,Makambako Township Authority,Ubena,
Njombe,Makambako Township Authority,Mjimwema,
Njombe,Makambako Township Authority,Mlowa,
Njombe,Makambako Township Authority,Lyamkena,
Njombe,Makambako Township Authority,Mwembetogwa,
Njombe,Makambako Township Authority,Mahongole,
Njombe,Makambako Township Authority,Kitandililo,
Njombe,Makambako Township Authority,Utengule,
Katavi,Mpanda Urban,Kakese,
Katavi,Mpanda Urban,Misunkumilo,
Katavi,Mpanda Urban,Shanwe,
Katavi,Mpanda Urban,Makanyagio,
Katavi,Mpanda Urban,Kashaulili,
Katavi,Mpanda Urban,Mpanda Hotel,
Katavi,Mpanda Urban,Kawajense,
Katavi,Mpanda Urban,Nsemulwa,
Katavi,Mpanda Urban,Ilembo,
Katavi,Mpanda,Mishamo,
Katavi,Mpanda,Mpanda Ndogo,
Katavi,Mpanda,Mwese,
Katavi,Mpanda,Katuma,
Katavi,Mpanda,Kabungu,
Katavi,Mpanda,Sibwesa,
Katavi,Mpanda,Ikola,
Katavi,Mpanda,Karema,
Katavi,Mpanda,Kapalamsenga,
Katavi,Mlele,Kasokola,
Katavi,Mlele,Ugala,
Katavi,Mlele,Litapunga,
Katavi,Mlele,Mtapenda,
Katavi,Mlele,Inyonga,
Katavi,Mlele,Ilunde,
Katavi,Mlele,Ilela,
Katavi,Mlele,Utende,
Katavi,Mlele,Mamba,
Katavi,Mlele,Mbede,
Katavi,Mlele,Urwira,
Katavi,Mlele,Nsimbo,
Katavi,Mlele,Magamba,
Katavi,Mlele,Sitalike,
Katavi,Mlele,Usevya,
Katavi,Mlele,Kibaoni,
Katavi,Mlele,Machimboni,
Katavi,Mlele,Kapalala,
Katavi,Mlele,Itenka,
Katavi,Mlele,Ikuba,
Katavi,Mlele,Mwamapuli,
Katavi,Mlele,Majimoto,
Katavi,Mlele,Kasansa,
Katavi,Mlele,Nsenkwa,
Simiyu,Bariadi,Nkindwabiye,
Simiyu,Bariadi,Mwaubinge,
Simiyu,Bariadi,Nkololo,
Simiyu,Bariadi,Mwaumatondo,
Simiyu,Bariadi,Madobana,
Simiyu,Bariadi,Nyangokolwa,
Simiyu,Bariadi,Somanda,
Simiyu,Bariadi,Bunamhala,
Simiyu,Bariadi,Sakwe,
Simiyu,Bariadi,Ngulyati,
Simiyu,Bariadi,Mhango,
Simiyu,Bariadi,Kilalo,
Simiyu,Bariadi,Kasoli,
Simiyu,Bariadi,Gambosi,
Simiyu,Bariadi,Guduwi,
Simiyu,Bariadi,Ikungulyabashashi,
Simiyu,Bariadi,Nyakabindi,
Simiyu,Bariadi,Dutwa,
Simiyu,Bariadi,Sapiwi,
Simiyu,Bariadi,Matongo,
Simiyu,Bariadi,Gilya,
Simiyu,Bariadi,Isanga,
Simiyu,Bariadi,Bariadi,
Simiyu,Bariadi,Malambo,
Simiyu,Bariadi,Sima,
Simiyu,Itilima,Bumera,
Simiyu,Itilima,Ikindiro,
Simiyu,Itilima,Mwamtani,
Simiyu,Itilima,Sagata,
Simiyu,Itilima,Mwaswale,
Simiyu,Itilima,Nkuyu,
Simiyu,Itilima,Mhunze,
Simiyu,Itilima,Migato,
Simiyu,Itilima,Chinamili,
Simiyu,Itilima,Ndolelezi,
Simiyu,Itilima,Lagangabilili,
Simiyu,Itilima,Budalabujiga,
Simiyu,Itilima,Nkoma,
Simiyu,Itilima,Mwalushu,
Simiyu,Itilima,Mwamapalala,
Simiyu,Itilima,Nyamalapa,
Simiyu,Itilima,Lugulu,
Simiyu,Itilima,Nhobora,
Simiyu,Itilima,Zagayu,
Simiyu,Itilima,Kinang'weli,
Simiyu,Itilima,Mbita,
Simiyu,Itilima,Sawida,
Simiyu,Meatu,Mwanhuzi,
Simiyu,Meatu,Nkoma,
Simiyu,Meatu,Kimali,
Simiyu,Meatu,Mwamishali,
Simiyu,Meatu,Itinje,
Simiyu,Meatu,Kisesa,
Simiyu,Meatu,Mwandoya,
Simiyu,Meatu,Lingeka,
Simiyu,Meatu,Sakasaka,
Simiyu,Meatu,Imalaseko,
Simiyu,Meatu,Mwabuzo,
Simiyu,Meatu,Mwamalole,
Simiyu,Meatu,Mwanjolo,
Simiyu,Meatu,Mwabuma,
Simiyu,Meatu,Mwabusalu,
Simiyu,Meatu,Lubiga,
Simiyu,Meatu,Mwamanongu,
Simiyu,Meatu,Nghoboko,
Simiyu,Meatu,Bukundi,
Simiyu,Meatu,Mwasengela,
Simiyu,Meatu,Mwamanimba,
Simiyu,Meatu,Tindabuligi,
Simiyu,Meatu,Mwakisandu,
Simiyu,Meatu,Mwangundo,
Simiyu,Meatu,Mwanyahina,
Simiyu,Maswa,Ng'wigwa,
Simiyu,Maswa,Nguliguli,
Simiyu,Maswa,Ipililo,
Simiyu,Maswa,Senani,
Simiyu,Maswa,Mwamanenge,
Simiyu,Maswa,Sukuma,
Simiyu,Maswa,Mpindo,
Simiyu,Maswa,Dakama,
Simiyu,Maswa,Lalago,
Simiyu,Maswa,Budekwa,
Simiyu,Maswa,Busilili,
Simiyu,Maswa,Sengwa,
Simiyu,Maswa,Masela,
Simiyu,Maswa,Isanga,
Simiyu,Maswa,Zanzui,
Simiyu,Maswa,Mwamashimba,
Simiyu,Maswa,Buchambi,
Simiyu,Maswa,Kadoto,
Simiyu,Maswa,Shishiyu,
Simiyu,Maswa,Nyabubinza,
Simiyu,Maswa,Mwang'honoli,
Simiyu,Maswa,Kulimi,
Simiyu,Maswa,Malampaka,
Simiyu,Maswa,Badi,
Simiyu,Maswa,Nyalikungu,
Simiyu,Maswa,Binza,
Simiyu,Busega,Shigala,
Simiyu,Busega,Badugu,
Simiyu,Busega,Nyaluhande,
Simiyu,Busega,Kiloleli,
Simiyu,Busega,Mwamanyili,
Simiyu,Busega,Kabita,
Simiyu,Busega,Kalemela,
Simiyu,Busega,Lamadi,
Simiyu,Busega,Lutubiga,
Simiyu,Busega,Mkula,
Simiyu,Busega,Ngasamo,
Simiyu,Busega,Malili,
Simiyu,Busega,Igalukilo,
Geita,Geita,Kagu,
Geita,Geita,Bugulula,
Geita,Geita,Senga,
Geita,Geita,Kakubilo,
Geita,Geita,Nkome,
Geita,Geita,Katoma,
Geita,Geita,Nzera,
Geita,Geita,Lwezera,
Geita,Geita,Kamhanga,
Geita,Geita,Bugalama,
Geita,Geita,Lubanga,
Geita,Geita,Isulwabutunde,
Geita,Geita,Kasamwa,
Geita,Geita,Bung'wangoko,
Geita,Geita,Bulela,
Geita,Geita,Ihanamilo,
Geita,Geita,Nyanguku,
Geita,Geita,Kamena,
Geita,Geita,Nyamalimbe,
Geita,Geita,Bujula,
Geita,Geita,Bukoli,
Geita,Geita,Butobela,
Geita,Geita,Nyarugusu,
Geita,Geita,Nyakamwaga,
Geita,Geita,Lwamgasa,
Geita,Geita,Kaseme,
Geita,Geita,Busanda,
Geita,Geita,Katoro,
Geita,Geita,Nyamigota,
Geita,Geita,Nyakagomba,
Geita,Geita,Nyachiluluma,
Geita,Geita,Bukondo,
Geita,Geita,Chigunga,
Geita,Geita,Mtakuja,
Geita,Geita,Kalangalala,
Geita,Nyang'hwale,Shabaka,
Geita,Nyang'hwale,Busolwa,
Geita,Nyang'hwale,Kakura,
Geita,Nyang'hwale,Nyugwa,
Geita,Nyang'hwale,Bukwimba,
Geita,Nyang'hwale,Kafita,
Geita,Nyang'hwale,Kharumwa,
Geita,Nyang'hwale,Izunya,
Geita,Nyang'hwale,Mwingiro,
Geita,Nyang'hwale,Nyabulanda,
Geita,Nyang'hwale,Nyang'hwale,
Geita,Nyang'hwale,Nyijundu,
Geita,Mbogwe,Nanda,
Geita,Mbogwe,Ikobe,
Geita,Mbogwe,Lulembela,
Geita,Mbogwe,Ikunguigazi,
Geita,Mbogwe,Isebya,
Geita,Mbogwe,Ilolangulu,
Geita,Mbogwe,Mbogwe,
Geita,Mbogwe,Mgemo,
Geita,Mbogwe,Ushirika,
Geita,Mbogwe,Nyasato,
Geita,Mbogwe,Lugunga,
Geita,Mbogwe,Nyakafulu,
Geita,Mbogwe,Bukandwe,
Geita,Mbogwe,Ng'homolwa,
Geita,Mbogwe,Masumbwe,
Geita,Mbogwe,Iponya,
Geita,Bukombe,Runzewe Mashariki,
Geita,Bukombe,Runzewe Magharibi,
Geita,Bukombe,Namonge,
Geita,Bukombe,Uyovu,
Geita,Bukombe,Busonzo,
Geita,Bukombe,Ng'anzo,
Geita,Bukombe,Butinzya,
Geita,Bukombe,Ushirombo,
Geita,Bukombe,Lyambamgongo,
Geita,Bukombe,Bukombe,
Geita,Bukombe,Bugelenga,
Geita,Bukombe,Iyogelo,
Geita,Bukombe,Igulwa,
Geita,Chato,Muganza,
Geita,Chato,Bwongera,
Geita,Chato,Kigongo,
Geita,Chato,Nyamirembe,
Geita,Chato,Ichwankima,
Geita,Chato,Kachwamba,
Geita,Chato,Kasenga,
Geita,Chato,Ilemela,
Geita,Chato,Chato,
Geita,Chato,Muungano,
Geita,Chato,Bwina,
Geita,Chato,Katende,
Geita,Chato,Ilyamchele,
Geita,Chato,Bukome,
Geita,Chato,Buziku,
Geita,Chato,Nyarutembo,
Geita,Chato,Makurugusi,
Geita,Chato,Buseresere,
Geita,Chato,Butengorumasa,
Geita,Chato,Iparamasa,
Geita,Chato,Bwanga,
Geita,Chato,Bwera,
Kaskazini Unguja,Kaskazini A,Mkokotoni,
Kaskazini Unguja,Kaskazini A,Mto wa Pwani,
Kaskazini Unguja,Kaskazini A,Pale,
Kaskazini Unguja,Kaskazini A,Kivunge,
Kaskazini Unguja,Kaskazini A,Tumbatu Gomani,
Kaskazini Unguja,Kaskazini A,Jongowe,
Kaskazini Unguja,Kaskazini A,Mkwajuni,
Kaskazini Unguja,Kaskazini A,Kibeni,
Kaskazini Unguja,Kaskazini A,Muwange,
Kaskazini Unguja,Kaskazini A,Pitanazako,
Kaskazini Unguja,Kaskazini A,Potowa,
Kaskazini Unguja,Kaskazini A,Fukuchani,
Kaskazini Unguja,Kaskazini A,Kidoti,
Kaskazini Unguja,Kaskazini A,Tazari,
Kaskazini Unguja,Kaskazini A,Kigunda,
Kaskazini Unguja,Kaskazini A,Nungwi,
Kaskazini Unguja,Kaskazini A,Matemwe,
Kaskazini Unguja,Kaskazini A,Kijini,
Kaskazini Unguja,Kaskazini A,Pwani Mchangani,
Kaskazini Unguja,Kaskazini A,Gamba,
Kaskazini Unguja,Kaskazini A,Moga,
Kaskazini Unguja,Kaskazini A,Chaani Masingini,
Kaskazini Unguja,Kaskazini A,Mcheza Shauri,
Kaskazini Unguja,Kaskazini A,Chaani Kubwa,
Kaskazini Unguja,Kaskazini A,Kikobweni,
Kaskazini Unguja,Kaskazini A,Bandamaji,
Kaskazini Unguja,Kaskazini A,Kinyasini,
Kaskazini Unguja,Kaskazini A,Kandwi,
Kaskazini Unguja,Kaskazini A,Chutama,
Kaskazini Unguja,Kaskazini A,Kisongoni,
Kaskazini Unguja,Kaskazini A,Kilindi,
Kaskazini Unguja,Kaskazini A,Kilimani,
Kaskazini Unguja,Kaskazini A,Uvivini,
Kaskazini Unguja,Kaskazini A,Kidombo,
Kaskazini Unguja,Kaskazini A,Bwereu,
Kaskazini Unguja,Kaskazini A,Kigomani,
Kaskazini Unguja,Kaskazini B,Misufini,
Kaskazini Unguja,Kaskazini B,Makoba,
Kaskazini Unguja,Kaskazini B,Mangapwani,
Kaskazini Unguja,Kaskazini B,Fujoni,
Kaskazini Unguja,Kaskazini B,Kiomba Mvua,
Kaskazini Unguja,Kaskazini B,Donge Mchangani,
Kaskazini Unguja,Kaskazini B,Mkadini,
Kaskazini Unguja,Kaskazini B,Zingwe Zingwe,
Kaskazini Unguja,Kaskazini B,Kitope,
Kaskazini Unguja,Kaskazini B,Mahonda,
Kaskazini Unguja,Kaskazini B,Mnyimbi,
Kaskazini Unguja,Kaskazini B,Donge Mtambile,
Kaskazini Unguja,Kaskazini B,Kinduni,
Kaskazini Unguja,Kaskazini B,Donge Karange,
Kaskazini Unguja,Kaskazini B,Donge Mbiji,
Kaskazini Unguja,Kaskazini B,Donge Kipange,
Kaskazini Unguja,Kaskazini B,Donge Vijibweni,
Kaskazini Unguja,Kaskazini B,Upenja,
Kaskazini Unguja,Kaskazini B,Kiwengwa,
Kaskazini Unguja,Kaskazini B,Pangeni,
Kaskazini Unguja,Kaskazini B,Kilombero,
Kaskazini Unguja,Kaskazini B,Mgambo,
Kaskazini Unguja,Kaskazini B,Muwanda,
Kaskazini Unguja,Kaskazini B,Matetema,
Kaskazini Unguja,Kaskazini B,Kidanzini,
Kaskazini Unguja,Kaskazini B,Mbaleni,
Kaskazini Unguja,Kaskazini B,Mafufuni,
Kaskazini Unguja,Kaskazini B,Mkataleni,
Kaskazini Unguja,Kaskazini B,Njia ya Mtoni,
Kusini Unguja,Kati,Dunga Bweni,
Kusini Unguja,Kati,Ubago,
Kusini Unguja,Kati,Kidimni,
Kusini Unguja,Kati,Machui,
Kusini Unguja,Kati,Kiboje Muembeshauri,
Kusini Unguja,Kati,Miwani,
Kusini Unguja,Kati,Kiboje Mkwajuni,
Kusini Unguja,Kati,Ghana,
Kusini Unguja,Kati,Koani,
Kusini Unguja,Kati,Mgeni Haji,
Kusini Unguja,Kati,Uzini,
Kusini Unguja,Kati,Mitakawani,
Kusini Unguja,Kati,Tunduni,
Kusini Unguja,Kati,Bambi,
Kusini Unguja,Kati,Pagali,
Kusini Unguja,Kati,Umbuji,
Kusini Unguja,Kati,Mchangani,
Kusini Unguja,Kati,Dunga Kiembeni,
Kusini Unguja,Kati,Ndijani Mseweni,
Kusini Unguja,Kati,Jendele,
Kusini Unguja,Kati,Chwaka,
Kusini Unguja,Kati,Marumbi,
Kusini Unguja,Kati,Uroa,
Kusini Unguja,Kati,Pongwe,
Kusini Unguja,Kati,Jumbi,
Kusini Unguja,Kati,Tunguu,
Kusini Unguja,Kati,Binguni,
Kusini Unguja,Kati,Cheju,
Kusini Unguja,Kati,Bungi,
Kusini Unguja,Kati,Unguja Ukuu Kaepwani,
Kusini Unguja,Kati,Kikungwi,
Kusini Unguja,Kati,Uzi,
Kusini Unguja,Kati,Ng'ambwa,
Kusini Unguja,Kati,Charawe,
Kusini Unguja,Kati,Ukongoroni,
Kusini Unguja,Kati,Michamvi,
Kusini Unguja,Kati,Mpapa,
Kusini Unguja,Kati,Unguja Ukuu Kaebona,
Kusini Unguja,Kati,Ndijani Muembe Punda,
Kusini Unguja,Kati,Tindini,
Kusini Unguja,Kusini,Nganani,
Kusini Unguja,Kusini,Kijini,
Kusini Unguja,Kusini,Mzuri,
Kusini Unguja,Kusini,Kajengwa,
Kusini Unguja,Kusini,Jambiani Kikadini,
Kusini Unguja,Kusini,Mtende,
Kusini Unguja,Kusini,Kibuteni,
Kusini Unguja,Kusini,Kizimkazi Dimbani,
Kusini Unguja,Kusini,Kizimkazi Mkunguni,
Kusini Unguja,Kusini,Muyuni A,
Kusini Unguja,Kusini,Muyuni B,
Kusini Unguja,Kusini,Muyuni C,
Kusini Unguja,Kusini,Pete,
Kusini Unguja,Kusini,Muungoni,
Kusini Unguja,Kusini,Paje,
Kusini Unguja,Kusini,Jambiani Kibigija,
Kusini Unguja,Kusini,Bwejuu,
Kusini Unguja,Kusini,Kitogani,
Kusini Unguja,Kusini,Kiongoni,
Kusini Unguja,Kusini,Tasani,
Kusini Unguja,Kusini,Dongwe,
Mjini Magharibi,Magharibi,Mwera,
Mjini Magharibi,Magharibi,Mtoni,
Mjini Magharibi,Magharibi,Bububu,
Mjini Magharibi,Magharibi,Chuini,
Mjini Magharibi,Magharibi,Kama,
Mjini Magharibi,Magharibi,Mfenesini,
Mjini Magharibi,Magharibi,Mwakaje,
Mjini Magharibi,Magharibi,Fuoni Kibondeni,
Mjini Magharibi,Magharibi,Kianga,
Mjini Magharibi,Magharibi,Dole,
Mjini Magharibi,Magharibi,Kizimbani,
Mjini Magharibi,Magharibi,Mbuzini,
Mjini Magharibi,Magharibi,Bumbwisudi,
Mjini Magharibi,Magharibi,Maungani,
Mjini Magharibi,Magharibi,Shakani,
Mjini Magharibi,Magharibi,Kiembesamaki,
Mjini Magharibi,Magharibi,Chukwani,
Mjini Magharibi,Magharibi,Fumba,
Mjini Magharibi,Magharibi,Bweleo,
Mjini Magharibi,Magharibi,Dimani,
Mjini Magharibi,Magharibi,Kombeni,
Mjini Magharibi,Magharibi,Mwanakwerekwe,
Mjini Magharibi,Magharibi,Mtopepo,
Mjini Magharibi,Magharibi,Magogoni,
Mjini Magharibi,Magharibi,Mtoni Kidatu,
Mjini Magharibi,Magharibi,Mwanyanya,
Mjini Magharibi,Magharibi,Fuoni Kijito Upele,
Mjini Magharibi,Magharibi,Tomondo,
Mjini Magharibi,Magharibi,Welezo,
Mjini Magharibi,Magharibi,Mtufaani,
Mjini Magharibi,Magharibi,Sharifumsa,
Mjini Magharibi,Magharibi,Kibweni,
Mjini Magharibi,Magharibi,Kihinani,
Mjini Magharibi,Magharibi,Mombasa,
Mjini Magharibi,Magharibi,Kisauni,
Mjini Magharibi,Magharibi,Melinne,
Mjini Magharibi,Magharibi,Pangawe,
Mjini Magharibi,Magharibi,Kinuni,
Mjini Magharibi,Magharibi,Nyamanzi,
Mjini Magharibi,Mjini,Shangani,
Mjini Magharibi,Mjini,Mkunazini,
Mjini Magharibi,Mjini,Kiponda,
Mjini Magharibi,Mjini,Malindi,
Mjini Magharibi,Mjini,Mchangani,
Mjini Magharibi,Mjini,Mlandege,
Mjini Magharibi,Mjini,Mwembeladu,
Mjini Magharibi,Mjini,Gulioni,
Mjini Magharibi,Mjini,Makadara,
Mjini Magharibi,Mjini,Shaurimoyo,
Mjini Magharibi,Mjini,Mwembe Makumbi,
Mjini Magharibi,Mjini,Chumbuni,
Mjini Magharibi,Mjini,Kwamtipura,
Mjini Magharibi,Mjini,Kilimahewa Juu,
Mjini Magharibi,Mjini,Amani,
Mjini Magharibi,Mjini,Nyerere,
Mjini Magharibi,Mjini,Sebleni,
Mjini Magharibi,Mjini,Magomeni,
Mjini Magharibi,Mjini,Mpendae,
Mjini Magharibi,Mjini,Urusi,
Mjini Magharibi,Mjini,Kilimani,
Mjini Magharibi,Mjini,Miembeni,
Mjini Magharibi,Mjini,Kikwajuni Juu,
Mjini Magharibi,Mjini,Kikwajuni Bondeni,
Mjini Magharibi,Mjini,Kisima Majongoo,
Mjini Magharibi,Mjini,Vikokotoni,
Mjini Magharibi,Mjini,Muembetanga,
Mjini Magharibi,Mjini,Muembeshauri,
Mjini Magharibi,Mjini,Rahaleo,
Mjini Magharibi,Mjini,Kwaalimsha,
Mjini Magharibi,Mjini,Mikunguni,
Mjini Magharibi,Mjini,Mkele,
Mjini Magharibi,Mjini,Muungano,
Mjini Magharibi,Mjini,Sogea,
Mjini Magharibi,Mjini,Jang'ombe,
Mjini Magharibi,Mjini,Kidongo Chekundu,
Mjini Magharibi,Mjini,Matarumbeta,
Mjini Magharibi,Mjini,Kwahani,
Mjini Magharibi,Mjini,Kwaalinatu,
Mjini Magharibi,Mjini,Karakana,
Mjini Magharibi,Mjini,Kilimahewa Bondeni,
Mjini Magharibi,Mjini,Kwa Wazee,
Mjini Magharibi,Mjini,Migombani,
Mjini Magharibi,Mjini,Meya,
Mjini Magharibi,Mjini,Kisiwandui,
Kaskazini Pemba,Wete,Kipangani,
Kaskazini Pemba,Wete,Mtambwe Kaskazini,
Kaskazini Pemba,Wete,Fundo,
Kaskazini Pemba,Wete,Mchanga Mdogo,
Kaskazini Pemba,Wete,Kambini,
Kaskazini Pemba,Wete,Kojani,
Kaskazini Pemba,Wete,Ole,
Kaskazini Pemba,Wete,Kangagani,
Kaskazini Pemba,Wete,Kiuyu Minungwini,
Kaskazini Pemba,Wete,Piki,
Kaskazini Pemba,Wete,Kisiwani,
Kaskazini Pemba,Wete,Gando,
Kaskazini Pemba,Wete,Ukunjwi,
Kaskazini Pemba,Wete,Pandani,
Kaskazini Pemba,Wete,Shengejuu,
Kaskazini Pemba,Wete,Bopwe,
Kaskazini Pemba,Wete,Utaani,
Kaskazini Pemba,Wete,Mtambwe Kusini,
Kaskazini Pemba,Wete,Selem,
Kaskazini Pemba,Wete,Kinyikani,
Kaskazini Pemba,Wete,Chwale,
Kaskazini Pemba,Wete,Maziwani,
Kaskazini Pemba,Wete,Mpambani,
Kaskazini Pemba,Wete,Mjini Ole,
Kaskazini Pemba,Wete,Kiuyu Kigongoni,
Kaskazini Pemba,Wete,Mzambarauni Takao,
Kaskazini Pemba,Wete,Junguni,
Kaskazini Pemba,Wete,Kiungoni,
Kaskazini Pemba,Wete,Pembeni,
Kaskazini Pemba,Wete,Kizimbani,
Kaskazini Pemba,Wete,Limbani,
Kaskazini Pemba,Wete,Jadida,
Kaskazini Pemba,Micheweni,Micheweni,
Kaskazini Pemba,Micheweni,Msuka Mashariki,
Kaskazini Pemba,Micheweni,Kinowe,
Kaskazini Pemba,Micheweni,Tumbe Mashariki,
Kaskazini Pemba,Micheweni,Mgogoni,
Kaskazini Pemba,Micheweni,Shumba Viamboni,
Kaskazini Pemba,Micheweni,Finya,
Kaskazini Pemba,Micheweni,Konde,
Kaskazini Pemba,Micheweni,Wingwi Mapofu,
Kaskazini Pemba,Micheweni,Kiuyu Mbuyuni,
Kaskazini Pemba,Micheweni,Makangale,
Kaskazini Pemba,Micheweni,Wingwi Njuguni,
Kaskazini Pemba,Micheweni,Shumba Mjini,
Kaskazini Pemba,Micheweni,Majenzi,
Kaskazini Pemba,Micheweni,Mjini Wingwi,
Kaskazini Pemba,Micheweni,Msuka Magharibi,
Kaskazini Pemba,Micheweni,Chimba,
Kaskazini Pemba,Micheweni,Tumbe Magharibi,
Kaskazini Pemba,Micheweni,Sizini,
Kaskazini Pemba,Micheweni,Kinyasini,
Kaskazini Pemba,Micheweni,Mihogoni,
Kaskazini Pemba,Micheweni,Kifundi,
Kaskazini Pemba,Micheweni,Maziwa Ng'ombe,
Kaskazini Pemba,Micheweni,Tondooni,
Kaskazini Pemba,Micheweni,Mtemani,
Kaskazini Pemba,Micheweni,Wingwi Mjananza,
Kaskazini Pemba,Micheweni,Mlindo,
Kusini Pemba,Chake Chake,Chanjaani,
Kusini Pemba,Chake Chake,Wawi,
Kusini Pemba,Chake Chake,Pujini,
Kusini Pemba,Chake Chake,Ziwani,
Kusini Pemba,Chake Chake,Ndagoni,
Kusini Pemba,Chake Chake,Kwale,
Kusini Pemba,Chake Chake,Vitongoji,
Kusini Pemba,Chake Chake,Ng'ambwa,
Kusini Pemba,Chake Chake,Shungi,
Kusini Pemba,Chake Chake,Chonga,
Kusini Pemba,Chake Chake,Mgelema,
Kusini Pemba,Chake Chake,Kilindi,
Kusini Pemba,Chake Chake,Tibirinzi,
Kusini Pemba,Chake Chake,Chachani,
Kusini Pemba,Chake Chake,Wara,
Kusini Pemba,Chake Chake,Mvumoni,
Kusini Pemba,Chake Chake,Matale,
Kusini Pemba,Chake Chake,Wesha,
Kusini Pemba,Chake Chake,Uwandani,
Kusini Pemba,Chake Chake,Madungu,
Kusini Pemba,Chake Chake,Mgogoni,
Kusini Pemba,Chake Chake,Dodo,
Kusini Pemba,Chake Chake,Mbuzini,
Kusini Pemba,Chake Chake,Michungwani,
Kusini Pemba,Chake Chake,Kibokoni,
Kusini Pemba,Chake Chake,Kichungwani,
Kusini Pemba,Chake Chake,Msingini,
Kusini Pemba,Chake Chake,Mkoroshoni,
Kusini Pemba,Chake Chake,Mfikiwa,
Kusini Pemba,Mkoani,Ng'ombeni,
Kusini Pemba,Mkoani,Makombeni,
Kusini Pemba,Mkoani,Makoongwe,
Kusini Pemba,Mkoani,Shidi,
Kusini Pemba,Mkoani,Mkanyageni,
Kusini Pemba,Mkoani,Michenzani,
Kusini Pemba,Mkoani,Chokocho,
Kusini Pemba,Mkoani,Kisiwa Panza,
Kusini Pemba,Mkoani,Kangani,
Kusini Pemba,Mkoani,Kengeja,
Kusini Pemba,Mkoani,Muambe,
Kusini Pemba,Mkoani,Kiwani,
Kusini Pemba,Mkoani,Mtambile,
Kusini Pemba,Mkoani,Mizingani,
Kusini Pemba,Mkoani,Ngwachani,
Kusini Pemba,Mkoani,Chambani,
Kusini Pemba,Mkoani,Wambaa,
Kusini Pemba,Mkoani,Mbuguani,
Kusini Pemba,Mkoani,Uweleni,
Kusini Pemba,Mkoani,Mtangani,
Kusini Pemba,Mkoani,Ukutini,
Kusini Pemba,Mkoani,Chumbageni,
Kusini Pemba,Mkoani,Mbuyuni,
Kusini Pemba,Mkoani,Stahabu,
Kusini Pemba,Mkoani,Kuukuu,
Kusini Pemba,Mkoani,Mjimbini,
Kusini Pemba,Mkoani,Shamiani,
Kusini Pemba,Mkoani,Jombwe,
Kusini Pemba,Mkoani,Kendwa,
Kusini Pemba,Mkoani,Minazini,
Kusini Pemba,Mkoani,Mgagadu,
Kusini Pemba,Mkoani,Mkungu,
Kusini Pemba,Mkoani,Changaweni,
Ruvuma,Songea Urban,Lilambo,
Arusha,Monduli,Selela,
Arusha,Arusha,Oldonyosambu,
Manyara,Simanjiro,Endonyongijape,
Manyara,Simanjiro,Kitwai,
Manyara,Simanjiro,Naberera,
Dodoma,Kondoa,Busi,
Dodoma,Chemba,Jangalo,
Manyara,Kiteto,Njoro,
Manyara,Kiteto,Olboroti,
Manyara,Kiteto,Chapakazi,
Morogoro,Kilosa,Kidete,
Morogoro,Morogoro,Kinole,
Tabora,Sikonge,Igigwa,
Morogoro,Kilombero,Chita,
Mbeya,Mbarali,Lugelele,
Tanga,Korogwe,Mazinde,
Manyara,Babati,Endokise,
Manyara,Babati,Boay,
Manyara,Babati,Nar,
Mara,Musoma Urban,Mukendo,
Mara,Musoma Urban,Mwigobero,
Mara,Musoma Urban,Iringo,
Mara,Musoma Urban,Kitaji,
Mara,Musoma Urban,Nyasho,
Mara,Musoma Urban,Bweri,
Mara,Musoma Urban,Nyakato,
Mara,Musoma Urban,Kigera,
Mara,Musoma Urban,Kamunyonge,
Mara,Musoma Urban,Nyamatare,
Mara,Musoma Urban,Mwisenge,
Mara,Musoma Urban,Buhare,
Mara,Musoma Urban,Makoko,
Pwani,Bagamoyo,Mbwewe,
